/*
SQLyog Ultimate v13.1.1 (64 bit)
MySQL - 8.0.18-google : Database - hunet
*********************************************************************
*/

/*!40101 SET NAMES utf8 */;

/*!40101 SET SQL_MODE=''*/;

/*!40014 SET @OLD_UNIQUE_CHECKS=@@UNIQUE_CHECKS, UNIQUE_CHECKS=0 */;
/*!40014 SET @OLD_FOREIGN_KEY_CHECKS=@@FOREIGN_KEY_CHECKS, FOREIGN_KEY_CHECKS=0 */;
/*!40101 SET @OLD_SQL_MODE=@@SQL_MODE, SQL_MODE='NO_AUTO_VALUE_ON_ZERO' */;
/*!40111 SET @OLD_SQL_NOTES=@@SQL_NOTES, SQL_NOTES=0 */;
/*Table structure for table `appointments` */

DROP TABLE IF EXISTS `appointments`;

CREATE TABLE `appointments` (
  `id` bigint(20) unsigned NOT NULL AUTO_INCREMENT,
  `meeting_time` datetime NOT NULL,
  `description` text,
  `created_at` datetime(6) NOT NULL DEFAULT CURRENT_TIMESTAMP(6),
  `updated_at` datetime(6) NOT NULL DEFAULT CURRENT_TIMESTAMP(6) ON UPDATE CURRENT_TIMESTAMP(6),
  `patient_id` bigint(20) unsigned DEFAULT NULL,
  `doctor_id` bigint(20) unsigned DEFAULT NULL,
  `status` tinyint(4) DEFAULT '0',
  PRIMARY KEY (`id`),
  KEY `FK_3330f054416745deaa2cc130700` (`patient_id`),
  KEY `FK_4cf26c3f972d014df5c68d503d2` (`doctor_id`),
  CONSTRAINT `FK_3330f054416745deaa2cc130700` FOREIGN KEY (`patient_id`) REFERENCES `users` (`id`),
  CONSTRAINT `FK_4cf26c3f972d014df5c68d503d2` FOREIGN KEY (`doctor_id`) REFERENCES `users` (`id`)
) ENGINE=InnoDB AUTO_INCREMENT=38 DEFAULT CHARSET=utf8mb4 COLLATE=utf8mb4_0900_ai_ci;

/*Data for the table `appointments` */

insert  into `appointments`(`id`,`meeting_time`,`description`,`created_at`,`updated_at`,`patient_id`,`doctor_id`,`status`) values 
(1,'2021-04-13 05:51:14','Cuộc hẹn cần được xác nhận sớm.','2021-04-13 13:20:16.895140','2021-04-18 13:43:42.421644',2,7,1),
(2,'2021-04-13 15:13:15','Mong bác sĩ có thể phản hồi sớm.\r\n','2021-04-13 14:25:36.634423','2021-04-18 13:44:20.116751',1,7,-1),
(3,'2021-04-13 15:13:15','Tôi rất cần làm các xét nghiệm liên quan để kiểm tra chính xác tình hình bệnh.\r\n','2021-04-13 14:44:07.756514','2021-04-18 13:51:24.064802',1,7,0),
(4,'2021-04-13 15:13:15','Xin chào Bác sĩ, mong nhận được sự hỗ trợ nhiệt tình.\r\n','2021-04-13 14:44:49.499891','2021-04-18 13:45:27.984363',1,7,0),
(5,'2021-04-13 15:13:15','Mong Bác sĩ có thể phản hồi giúp tôi sớm.','2021-04-13 14:44:54.423145','2021-04-18 13:45:58.052042',1,7,1),
(6,'2021-04-13 15:13:15','Tôi cần đến phòng khám để làm các xét nghiệm liên quan.\r\n','2021-04-13 14:44:56.344849','2021-04-18 13:46:37.975159',1,7,0),
(7,'2021-04-13 15:13:15','Xin chào Bác sĩ, mong nhận được phản hồi sớm từ Bác sĩ.\r\n','2021-04-13 14:45:24.505161','2021-04-18 13:48:05.834737',1,7,0),
(8,'2021-04-13 15:13:15','Bệnh tình của tôi đã đến giai đoạn nào rồi ạ, mong bác sĩ hỗ trợ.\r\n','2021-04-13 14:45:26.977070','2021-04-18 13:48:43.635625',1,7,0),
(9,'2021-04-13 15:13:15','Sau khi nhận được kết quả kiểm tra qua ứng dụng, tôi muốn đến phòng khám để làm thêm các xét nghiệm.\r\n','2021-04-13 14:48:02.480712','2021-04-18 13:50:28.412305',1,7,0),
(10,'2021-04-13 15:13:15','Tôi rất cần làm các xét nghiệm liên quan để kiểm tra chính xác tình hình bệnh.\r\n','2021-04-13 14:48:25.576820','2021-04-18 13:51:27.235580',1,7,0),
(11,'2021-04-13 15:13:15','','2021-04-13 14:49:04.622511','2021-04-13 14:49:04.622511',1,7,0),
(12,'2021-04-13 15:13:15','Sau khi nhận được kết quả kiểm tra qua ứng dụng, tôi muốn đến phòng khám để làm thêm các xét nghiệm.\r\n','2021-04-13 14:51:14.355470','2021-04-18 13:50:15.929240',1,7,0),
(13,'2021-04-13 15:13:15','','2021-04-13 14:51:43.360062','2021-04-13 14:51:43.360062',1,7,0),
(14,'2021-04-13 15:13:15','','2021-04-13 14:58:53.119804','2021-04-13 14:58:53.119804',1,7,0),
(15,'2021-04-13 15:13:15','','2021-04-13 15:12:04.435886','2021-04-13 15:12:04.435886',1,7,0),
(16,'2021-04-13 15:13:15','','2021-04-13 15:12:32.042474','2021-04-13 15:12:32.042474',1,7,0),
(17,'2021-04-13 15:13:15','','2021-04-13 15:13:25.498318','2021-04-13 15:13:25.498318',1,7,0),
(18,'2021-04-14 09:08:00','','2021-04-14 09:37:02.292304','2021-04-14 09:37:02.292304',1,7,0),
(19,'2021-04-14 09:08:00','','2021-04-14 09:38:31.709097','2021-04-14 09:38:31.709097',1,7,0),
(20,'2021-04-14 13:35:39','','2021-04-14 09:40:46.530816','2021-04-14 09:40:46.530816',1,7,0),
(21,'2021-04-14 09:08:00','','2021-04-14 09:42:50.963851','2021-04-14 09:42:50.963851',1,7,0),
(22,'2021-04-14 13:35:39','','2021-04-14 09:44:55.741714','2021-04-14 09:44:55.741714',1,7,0),
(23,'2021-04-14 13:35:39','','2021-04-14 09:45:46.053062','2021-04-14 09:45:46.053062',1,7,0),
(24,'2021-04-14 13:35:39','','2021-04-14 10:41:16.128923','2021-04-14 10:41:16.128923',1,7,0),
(25,'2021-04-14 01:55:24','Sau khi nhận được kết quả kiểm tra qua ứng dụng, tôi muốn đến phòng khám để làm thêm các xét nghiệm liên quan.\r\n','2021-04-14 11:21:17.030346','2021-04-18 13:51:09.428464',2,7,0),
(26,'2021-04-16 14:00:00','Vi ban ngay toi ban di lam, nen xin lich vao buoi toi, cam on bac si','2021-04-15 07:49:40.758660','2021-04-18 10:55:56.000000',2,6,1),
(27,'2021-04-15 14:00:00','','2021-04-15 08:15:30.235251','2021-04-15 08:15:30.235251',1,6,0),
(28,'2021-04-14 18:00:00','','2021-04-15 08:23:36.986961','2021-04-15 08:23:36.986961',1,6,0),
(29,'2021-04-14 17:00:00','','2021-04-15 08:23:48.572397','2021-04-15 08:23:48.572397',1,6,0),
(30,'2021-04-15 11:00:00','','2021-04-15 08:24:11.367576','2021-04-15 08:24:11.367576',1,6,0),
(31,'2021-04-15 09:00:00','','2021-04-15 08:24:19.733229','2021-04-15 08:24:19.733229',1,6,0),
(32,'2021-04-15 19:00:00','Vi toi can gap bac si de kiem tra benh som, mong bac si phan hoi som.','2021-04-15 08:53:03.206301','2021-04-15 08:53:03.206301',2,6,0),
(33,'2021-04-15 19:00:00','','2021-04-16 10:19:28.453761','2021-04-16 10:19:28.453761',1,7,0),
(34,'2021-04-17 14:00:00','','2021-04-16 10:20:51.217976','2021-04-16 10:20:51.217976',1,7,0),
(35,'2021-04-15 19:00:00','','2021-04-16 11:25:57.481755','2021-04-16 11:25:57.481755',1,6,0),
(36,'2021-04-19 15:00:00','Da tôi xuất hiện nhiều vết đỏ','2021-04-18 18:31:10.815485','2021-04-18 18:31:10.815485',1,6,0),
(37,'2021-04-26 14:00:00','Tôi muốn đặt lịch hẹn tại phòng khám của bác sĩ. ','2021-04-26 08:43:36.389453','2021-04-26 08:43:36.389453',1,36,0);

/*Table structure for table `cities` */

DROP TABLE IF EXISTS `cities`;

CREATE TABLE `cities` (
  `id` bigint(20) unsigned NOT NULL AUTO_INCREMENT,
  `created_at` datetime(6) NOT NULL DEFAULT CURRENT_TIMESTAMP(6),
  `updated_at` datetime(6) NOT NULL DEFAULT CURRENT_TIMESTAMP(6) ON UPDATE CURRENT_TIMESTAMP(6),
  `name` varchar(255) CHARACTER SET utf8 COLLATE utf8_unicode_ci NOT NULL,
  PRIMARY KEY (`id`) USING BTREE
) ENGINE=InnoDB AUTO_INCREMENT=64 DEFAULT CHARSET=utf8 COLLATE=utf8_unicode_ci ROW_FORMAT=DYNAMIC;

/*Data for the table `cities` */

insert  into `cities`(`id`,`created_at`,`updated_at`,`name`) values 
(1,'2021-01-27 13:28:07.123940','2021-03-08 08:29:30.966479','Hòa Bình\r\n'),
(2,'2021-01-27 13:28:07.123940','2021-03-08 08:33:38.584190','Trà Vinh\r\n'),
(3,'2021-01-27 13:28:07.123940','2021-03-08 08:33:34.277943','Tiền Giang\r\n'),
(4,'2021-01-27 13:28:07.123940','2021-03-08 08:33:30.122199','Sóc Trăng\r\n'),
(5,'2021-01-27 13:28:07.123940','2021-03-08 08:33:24.922622','Long An\r\n'),
(6,'2021-01-27 13:28:07.123940','2021-03-08 08:33:21.505744','Kiên Giang\r\n'),
(7,'2021-01-27 13:28:07.123940','2021-03-08 08:33:17.259391','Hậu Giang\r\n'),
(8,'2021-01-27 13:28:07.123940','2021-03-08 08:33:13.733956','Đồng Tháp\r\n'),
(9,'2021-01-27 13:28:07.123940','2021-03-08 08:33:08.513504','Cần Thơ\r\n'),
(10,'2021-01-27 13:28:07.123940','2021-03-08 08:33:04.727795','Cà Mau\r\n'),
(11,'2021-01-27 13:28:07.123940','2021-03-08 08:33:01.548494','Bến Tre\r\n'),
(12,'2021-01-27 13:28:07.123940','2021-03-08 08:32:58.291216','Bạc Liêu\r\n'),
(13,'2021-01-27 13:28:07.123940','2021-03-08 08:32:54.957905','An Giang\r\n'),
(14,'2021-01-27 13:28:07.123940','2021-03-08 08:32:50.824750','Tây Ninh'),
(15,'2021-01-27 13:28:07.123940','2021-03-08 08:32:46.658587','Đồng Nai'),
(16,'2021-01-27 13:28:07.123940','2021-03-08 08:32:41.274783','Bình Phước\r\n'),
(17,'2021-01-27 13:28:07.123940','2021-03-08 08:32:37.285915','Bình Dương\r\n'),
(18,'2021-01-27 13:28:07.123940','2021-03-08 08:32:32.293844','Bà Rịa Vũng Tàu\r\n'),
(19,'2021-01-27 13:28:07.123940','2021-03-08 08:32:28.141704','TP Hồ Chí Minh\r\n'),
(20,'2021-01-27 13:28:07.123940','2021-03-08 08:32:24.226247','Lâm Đồng\r\n'),
(21,'2021-01-27 13:28:07.123940','2021-03-08 08:32:20.075246','Đắk Nông\r\n'),
(22,'2021-01-27 13:28:07.123940','2021-03-08 08:32:16.689578','Đắk Lắk\r\n'),
(23,'2021-01-27 13:28:07.123940','2021-03-08 08:32:13.412906','Gia Lai\r\n'),
(24,'2021-01-27 13:28:07.123940','2021-03-08 08:32:09.886088','Kon Tum\r\n'),
(25,'2021-01-27 13:28:07.123940','2021-03-08 08:32:06.000912','Bình Thuận\r\n'),
(26,'2021-01-27 13:28:07.123940','2021-03-08 08:32:00.320148','Ninh Thuận\r\n'),
(27,'2021-01-27 13:28:07.123940','2021-03-08 08:31:56.905702','Khánh Hòa\r\n'),
(28,'2021-01-27 13:28:07.123940','2021-03-08 08:31:53.637002','Phú Yên\r\n'),
(29,'2021-01-27 13:28:07.123940','2021-03-08 08:31:50.297951','Bình Định\r\n'),
(30,'2021-01-27 13:28:07.123940','2021-03-08 08:31:47.031362','Quảng Ngãi\r\n'),
(31,'2021-01-27 13:28:07.123940','2021-03-08 08:31:43.058427','Quảng Nam\r\n'),
(32,'2021-01-27 13:28:07.123940','2021-03-08 08:33:39.894986','Vĩnh Long\r\n'),
(33,'2021-01-27 13:28:07.123940','2021-03-08 08:31:34.846737','Thừa Thiên Huế\r\n'),
(34,'2021-01-27 13:28:07.123940','2021-03-08 08:31:30.409061','Quảng Trị\r\n'),
(35,'2021-01-27 13:28:07.123940','2021-03-08 08:31:26.955270','Quảng Bình\r\n'),
(36,'2021-01-27 13:28:07.123940','2021-03-08 08:31:23.341377','Hà Tĩnh\r\n'),
(37,'2021-01-27 13:28:07.123940','2021-03-08 08:31:20.189058','Nghệ An\r\n'),
(38,'2021-01-27 13:28:07.123940','2021-03-08 08:31:16.673099','Thanh Hóa\r\n'),
(39,'2021-01-27 13:28:07.123940','2021-03-08 08:31:12.957521','Ninh Bình\r\n'),
(40,'2021-01-27 13:28:07.123940','2021-03-08 08:31:07.849858','Vĩnh Phúc\r\n'),
(41,'2021-01-27 13:28:07.123940','2021-03-08 08:31:02.748384','Thái Bình\r\n'),
(42,'2021-01-27 13:28:07.123940','2021-03-08 08:30:59.556081','Nam Định\r\n'),
(43,'2021-01-27 13:28:07.123940','2021-03-08 08:30:55.928903','Hưng Yên\r\n'),
(44,'2021-01-27 13:28:07.123940','2021-03-08 08:30:51.611092','Hải Phòng\r\n'),
(45,'2021-01-27 13:28:07.123940','2021-03-08 08:30:48.442685','Hải Dương\r\n'),
(46,'2021-01-27 13:28:07.123940','2021-03-08 08:30:45.226715','Hà Nam\r\n'),
(47,'2021-01-27 13:28:07.123940','2021-03-08 08:30:41.758004','Bắc Ninh\r\n'),
(48,'2021-01-27 13:28:07.123940','2021-03-08 08:30:37.036313','Hà Nội\r\n'),
(49,'2021-01-27 13:28:07.123940','2021-03-08 08:30:33.770194','Quảng Ninh\r\n'),
(50,'2021-01-27 13:28:07.123940','2021-03-08 08:30:29.956175','Bắc Giang\r\n'),
(51,'2021-01-27 13:28:07.123940','2021-03-08 08:30:26.216092','Lạng Sơn\r\n'),
(52,'2021-01-27 13:28:07.123940','2021-03-08 08:30:22.342227','Thái Nguyên\r\n'),
(53,'2021-01-27 13:28:07.123940','2021-03-08 08:30:15.801816','Bắc Kạn'),
(54,'2021-01-27 13:28:07.123940','2021-03-08 08:30:13.064042','Cao Bằng'),
(55,'2021-01-27 13:28:07.123940','2021-03-08 08:30:04.949392','Tuyên Quang'),
(56,'2021-01-27 13:28:07.123940','2021-03-08 08:29:59.689096','Hà Giang\r\n'),
(57,'2021-01-27 13:28:07.123940','2021-03-08 08:29:55.780241','Phú Thọ\r\n'),
(58,'2021-01-27 13:28:07.123940','2021-03-08 08:29:52.250341','Yên Bái\r\n'),
(59,'2021-01-27 13:28:07.123940','2021-03-08 08:29:48.204633','Lào Cai\r\n'),
(60,'2021-01-27 13:28:07.123940','2021-03-08 08:29:44.624800','Lai Châu\r\n'),
(61,'2021-01-27 13:28:07.123940','2021-03-08 08:29:39.340053','Điện Biên\r\n'),
(62,'2021-01-27 13:28:07.123940','2021-03-08 08:29:35.438681','Sơn La\r\n'),
(63,'2021-01-27 13:28:07.123940','2021-03-08 08:31:39.545031','Đà Nẵng\r\n');

/*Table structure for table `diseases` */

DROP TABLE IF EXISTS `diseases`;

CREATE TABLE `diseases` (
  `id` bigint(20) unsigned NOT NULL AUTO_INCREMENT,
  `name` varchar(255) NOT NULL,
  `description` text,
  `images` text,
  `created_at` datetime(6) NOT NULL DEFAULT CURRENT_TIMESTAMP(6),
  `updated_at` datetime(6) NOT NULL DEFAULT CURRENT_TIMESTAMP(6) ON UPDATE CURRENT_TIMESTAMP(6),
  `slug` varchar(255) NOT NULL,
  PRIMARY KEY (`id`)
) ENGINE=InnoDB AUTO_INCREMENT=5 DEFAULT CHARSET=utf8mb4 COLLATE=utf8mb4_0900_ai_ci;

/*Data for the table `diseases` */

insert  into `diseases`(`id`,`name`,`description`,`images`,`created_at`,`updated_at`,`slug`) values 
(1,'Carcinoma','A carcinoma begins in the skin or the tissue that covers the surface of internal organs and glands. Carcinomas usually form solid tumors. They are the most common type of cancer. Examples of carcinomas include prostate cancer, breast cancer, lung cancer, and colorectal cancer.','https://storage.cloud.google.com/disease-images/carcinoma_1.jpg?authuser=1','2021-01-25 15:15:33.107895','2021-04-15 16:50:13.289942','carcinoma'),
(2,'Pigmented','Pigmented BCC is a variant which shows increased melanin pigments which are produced by benign melanocytes that colonize the tumour. Differential diagnosis for pigmented BCC include, pigmented naevi, melanoma, pigmented seborrheic keratosis and pigmented Bowen\'s disease.','https://storage.cloud.google.com/disease-images/pigmented_1.jpg?authuser=1','2021-01-25 15:15:45.844847','2021-04-15 17:01:39.802972','pigmented'),
(3,'Normal','Not too dry and not too oily, normal skin has: No or few imperfections. No severe sensitivity. Barely visible pores. A radiant complexion.',NULL,'2021-01-25 15:15:57.220146','2021-03-08 08:38:00.993959','normal'),
(4,'Melanoma','Melanoma is a form of skin cancer that begins in the cells (melanocytes) that control the pigment in your skin. This illustration shows melanoma cells extending from the surface of the skin into the deeper skin layers.','https://storage.cloud.google.com/disease-images/melanoma_1.jpg?authuser=1','2021-01-25 15:16:08.945909','2021-04-15 17:01:40.623257','melanoma');

/*Table structure for table `examination_details` */

DROP TABLE IF EXISTS `examination_details`;

CREATE TABLE `examination_details` (
  `id` bigint(20) unsigned NOT NULL AUTO_INCREMENT,
  `created_at` datetime(6) NOT NULL DEFAULT CURRENT_TIMESTAMP(6),
  `updated_at` datetime(6) NOT NULL DEFAULT CURRENT_TIMESTAMP(6) ON UPDATE CURRENT_TIMESTAMP(6),
  `disease_id` bigint(20) unsigned DEFAULT NULL,
  `examination_id` bigint(20) unsigned DEFAULT NULL,
  `percentage` float unsigned NOT NULL,
  PRIMARY KEY (`id`),
  KEY `FK_ae5e640427b010f1845aec489f3` (`examination_id`),
  KEY `FK_231251394958259ed6da7a31e7e` (`disease_id`),
  CONSTRAINT `FK_231251394958259ed6da7a31e7e` FOREIGN KEY (`disease_id`) REFERENCES `diseases` (`id`),
  CONSTRAINT `FK_ae5e640427b010f1845aec489f3` FOREIGN KEY (`examination_id`) REFERENCES `examinations` (`id`)
) ENGINE=InnoDB AUTO_INCREMENT=281 DEFAULT CHARSET=utf8mb4 COLLATE=utf8mb4_0900_ai_ci;

/*Data for the table `examination_details` */

insert  into `examination_details`(`id`,`created_at`,`updated_at`,`disease_id`,`examination_id`,`percentage`) values 
(221,'2021-03-07 16:14:15.828787','2021-03-07 16:14:15.828787',1,58,0.849744),
(222,'2021-03-07 16:14:15.859594','2021-03-07 16:14:15.859594',4,58,0.0580264),
(223,'2021-03-07 16:14:15.890944','2021-03-07 16:14:15.890944',3,58,0.0000000195304),
(224,'2021-03-07 16:14:15.917320','2021-03-07 16:14:15.917320',2,58,0.0922296),
(225,'2021-03-07 16:14:40.027093','2021-03-07 16:14:40.027093',1,59,1),
(226,'2021-03-07 16:14:40.051580','2021-03-07 16:14:40.051580',4,59,0.000000000120379),
(227,'2021-03-07 16:14:40.074560','2021-03-07 16:14:40.074560',3,59,1.53799e-38),
(228,'2021-03-07 16:14:40.095160','2021-03-07 16:14:40.095160',2,59,0.00000000000000146091),
(229,'2021-04-15 10:48:08.589767','2021-04-15 10:48:08.589767',1,60,0.0114234),
(230,'2021-04-15 10:48:08.610641','2021-04-15 10:48:08.610641',4,60,0.725159),
(231,'2021-04-15 10:48:08.642465','2021-04-15 10:48:08.642465',3,60,0.00125814),
(232,'2021-04-15 10:48:08.662712','2021-04-15 10:48:08.662712',2,60,0.262159),
(233,'2021-04-16 10:19:10.214768','2021-04-16 10:19:10.214768',1,61,0.0205411),
(234,'2021-04-16 10:19:10.238217','2021-04-16 10:19:10.238217',4,61,0.550814),
(235,'2021-04-16 10:19:10.261159','2021-04-16 10:19:10.261159',3,61,0.0476004),
(236,'2021-04-16 10:19:10.284783','2021-04-16 10:19:10.284783',2,61,0.381044),
(237,'2021-04-16 10:24:31.206796','2021-04-16 10:24:31.206796',1,62,0.78653),
(238,'2021-04-16 10:24:31.234213','2021-04-16 10:24:31.234213',4,62,0.207668),
(239,'2021-04-16 10:24:31.255306','2021-04-16 10:24:31.255306',3,62,0.00000000034423),
(240,'2021-04-16 10:24:31.276970','2021-04-16 10:24:31.276970',2,62,0.00580169),
(241,'2021-04-16 11:33:13.210688','2021-04-16 11:33:13.210688',1,63,0.863475),
(242,'2021-04-16 11:33:13.243552','2021-04-16 11:33:13.243552',4,63,0.135567),
(243,'2021-04-16 11:33:13.274315','2021-04-16 11:33:13.274315',3,63,0.00000000528962),
(244,'2021-04-16 11:33:13.305980','2021-04-16 11:33:13.305980',2,63,0.000958617),
(245,'2021-04-18 19:59:10.830885','2021-04-18 19:59:10.830885',1,64,0.000220695),
(246,'2021-04-18 19:59:10.863231','2021-04-18 19:59:10.863231',4,64,0.986181),
(247,'2021-04-18 19:59:10.914902','2021-04-18 19:59:10.914902',3,64,0.00573268),
(248,'2021-04-18 19:59:10.943924','2021-04-18 19:59:10.943924',2,64,0.00786548),
(249,'2021-04-18 19:59:57.397563','2021-04-18 19:59:57.397563',1,65,0.000220695),
(250,'2021-04-18 19:59:57.422133','2021-04-18 19:59:57.422133',4,65,0.986181),
(251,'2021-04-18 19:59:57.453350','2021-04-18 19:59:57.453350',3,65,0.00573268),
(252,'2021-04-18 19:59:57.476124','2021-04-18 19:59:57.476124',2,65,0.00786548),
(253,'2021-04-18 19:59:58.252647','2021-04-18 19:59:58.252647',1,66,0.000220695),
(254,'2021-04-18 19:59:58.285160','2021-04-18 19:59:58.285160',4,66,0.986181),
(255,'2021-04-18 19:59:58.312329','2021-04-18 19:59:58.312329',3,66,0.00573268),
(256,'2021-04-18 19:59:58.339371','2021-04-18 19:59:58.339371',2,66,0.00786548),
(257,'2021-04-18 20:00:11.833881','2021-04-18 20:00:11.833881',1,67,0.000220695),
(258,'2021-04-18 20:00:11.858715','2021-04-18 20:00:11.858715',4,67,0.986181),
(259,'2021-04-18 20:00:11.888050','2021-04-18 20:00:11.888050',3,67,0.00573268),
(260,'2021-04-18 20:00:11.914713','2021-04-18 20:00:11.914713',2,67,0.00786548),
(261,'2021-04-18 20:00:14.946052','2021-04-18 20:00:14.946052',1,68,0.000220695),
(262,'2021-04-18 20:00:14.969882','2021-04-18 20:00:14.969882',4,68,0.986181),
(263,'2021-04-18 20:00:14.996594','2021-04-18 20:00:14.996594',3,68,0.00573268),
(264,'2021-04-18 20:00:15.018676','2021-04-18 20:00:15.018676',2,68,0.00786548),
(265,'2021-04-18 20:00:19.240174','2021-04-18 20:00:19.240174',1,69,0.000220695),
(266,'2021-04-18 20:00:19.272700','2021-04-18 20:00:19.272700',4,69,0.986181),
(267,'2021-04-18 20:00:19.302152','2021-04-18 20:00:19.302152',3,69,0.00573268),
(268,'2021-04-18 20:00:19.325318','2021-04-18 20:00:19.325318',2,69,0.00786548),
(269,'2021-04-18 20:01:31.736822','2021-04-18 20:01:31.736822',1,70,0.000220695),
(270,'2021-04-18 20:01:31.768445','2021-04-18 20:01:31.768445',4,70,0.986181),
(271,'2021-04-18 20:01:32.093842','2021-04-18 20:01:32.093842',3,70,0.00573268),
(272,'2021-04-18 20:01:32.126016','2021-04-18 20:01:32.126016',2,70,0.00786548),
(273,'2021-04-18 20:02:01.235960','2021-04-18 20:02:01.235960',1,71,0.000220695),
(274,'2021-04-18 20:02:01.307141','2021-04-18 20:02:01.307141',4,71,0.986181),
(275,'2021-04-18 20:02:01.362293','2021-04-18 20:02:01.362293',3,71,0.00573268),
(276,'2021-04-18 20:02:01.423221','2021-04-18 20:02:01.423221',2,71,0.00786548),
(277,'2021-04-18 20:02:03.527391','2021-04-18 20:02:03.527391',1,72,0.000220695),
(278,'2021-04-18 20:02:03.790352','2021-04-18 20:02:03.790352',4,72,0.986181),
(279,'2021-04-18 20:02:03.841719','2021-04-18 20:02:03.841719',3,72,0.00573268),
(280,'2021-04-18 20:02:03.879373','2021-04-18 20:02:03.879373',2,72,0.00786548);

/*Table structure for table `examinations` */

DROP TABLE IF EXISTS `examinations`;

CREATE TABLE `examinations` (
  `id` bigint(20) unsigned NOT NULL AUTO_INCREMENT,
  `image` varchar(255) NOT NULL,
  `customer_description` text,
  `doctor_feedback` text,
  `status` varchar(10) NOT NULL,
  `created_at` datetime(6) NOT NULL DEFAULT CURRENT_TIMESTAMP(6),
  `updated_at` datetime(6) NOT NULL DEFAULT CURRENT_TIMESTAMP(6) ON UPDATE CURRENT_TIMESTAMP(6),
  `patient_id` bigint(20) unsigned DEFAULT NULL,
  `doctor_id` bigint(20) unsigned DEFAULT NULL,
  `result_image` varchar(255) NOT NULL,
  `disease_id` bigint(20) unsigned DEFAULT NULL,
  PRIMARY KEY (`id`),
  KEY `FK_e9c26bc427b43871d0a94efbd02` (`patient_id`),
  KEY `FK_9d06e775e6214959a566b4ea465` (`doctor_id`),
  KEY `FK_ca3adb0f4b1991a5eeca524a062` (`disease_id`),
  CONSTRAINT `FK_9d06e775e6214959a566b4ea465` FOREIGN KEY (`doctor_id`) REFERENCES `users` (`id`),
  CONSTRAINT `FK_ca3adb0f4b1991a5eeca524a062` FOREIGN KEY (`disease_id`) REFERENCES `diseases` (`id`),
  CONSTRAINT `FK_e9c26bc427b43871d0a94efbd02` FOREIGN KEY (`patient_id`) REFERENCES `users` (`id`)
) ENGINE=InnoDB AUTO_INCREMENT=73 DEFAULT CHARSET=utf8mb4 COLLATE=utf8mb4_0900_ai_ci;

/*Data for the table `examinations` */

insert  into `examinations`(`id`,`image`,`customer_description`,`doctor_feedback`,`status`,`created_at`,`updated_at`,`patient_id`,`doctor_id`,`result_image`,`disease_id`) values 
(58,'https://storage.googleapis.com/origin-image-hunet-1/03_07_21_16_1402_imagename.jpg','Vết loét nổi ở vùng cánh tay và xuất phát từ mụn cơm.',NULL,'pending','2021-03-07 16:14:15.795372','2021-04-18 13:57:26.266695',2,NULL,'https://storage.googleapis.com/result-image-hunet-1/03_07_21_16_1402_imagename.jpg',1),
(59,'https://storage.googleapis.com/origin-image-hunet-1/03_07_21_16_1429_imagename.jpg','Nổi các mảnh vảy đỏ ở chân đã được 5 ngày',NULL,'pending','2021-03-07 16:14:40.006259','2021-04-18 13:57:35.323662',2,NULL,'https://storage.googleapis.com/result-image-hunet-1/03_07_21_16_1429_imagename.jpg',1),
(60,'https://storage.googleapis.com/origin-image-hunet-1/04_15_21_17_4757_imagename.jpg','Vùng da bệnh không ngứa, không đau rát, ở cánh tay.',NULL,'pending','2021-04-15 10:48:08.565855','2021-04-18 13:57:54.764276',1,6,'https://storage.googleapis.com/result-image-hunet-1/04_15_21_17_4757_imagename.jpg',4),
(61,'https://storage.googleapis.com/origin-image-hunet-1/04_16_21_17_1904_imagename.jpg','Vùng da mặt xuất hiện đốm đỏ được 7 ngày.',NULL,'pending','2021-04-16 10:19:10.184467','2021-04-18 13:58:35.415337',1,41,'https://storage.googleapis.com/result-image-hunet-1/04_16_21_17_1904_imagename.jpg',4),
(62,'https://storage.googleapis.com/origin-image-hunet-1/04_16_21_17_2419_imagename.jpg','Vùng da bệnh không ngứa, đã phát hiện bệnh được 5 ngày.',NULL,'pending','2021-04-16 10:24:31.165063','2021-04-18 13:56:28.863927',1,33,'https://storage.googleapis.com/result-image-hunet-1/04_16_21_17_2419_imagename.jpg',1),
(63,'https://storage.googleapis.com/origin-image-hunet-1/04_16_21_18_3301_imagename.jpg','Có vết loét nhỏ, bờ nông, đáy nhẵn, đóng vảy mỏng, mặt đáy giãn mao',NULL,'pending','2021-04-16 11:33:13.182211','2021-04-18 13:57:02.877863',1,41,'https://storage.googleapis.com/result-image-hunet-1/04_16_21_18_3301_imagename.jpg',1),
(64,'https://storage.googleapis.com/origin-image-hunet-1/04_19_21_02_5858_imagename.jpg','',NULL,'pending','2021-04-18 19:59:10.770024','2021-04-18 19:59:10.770024',1,34,'https://storage.googleapis.com/result-image-hunet-1/04_19_21_02_5858_imagename.jpg',4),
(65,'https://storage.googleapis.com/origin-image-hunet-1/04_19_21_02_5941_imagename.jpg','',NULL,'pending','2021-04-18 19:59:57.371330','2021-04-18 19:59:57.371330',1,27,'https://storage.googleapis.com/result-image-hunet-1/04_19_21_02_5941_imagename.jpg',4),
(66,'https://storage.googleapis.com/origin-image-hunet-1/04_19_21_02_5940_imagename.jpg','',NULL,'pending','2021-04-18 19:59:58.220948','2021-04-18 19:59:58.220948',1,44,'https://storage.googleapis.com/result-image-hunet-1/04_19_21_02_5940_imagename.jpg',4),
(67,'https://storage.googleapis.com/origin-image-hunet-1/04_19_21_02_5958_imagename.jpg','',NULL,'pending','2021-04-18 20:00:11.808780','2021-04-18 20:00:11.808780',1,35,'https://storage.googleapis.com/result-image-hunet-1/04_19_21_02_5958_imagename.jpg',4),
(68,'https://storage.googleapis.com/origin-image-hunet-1/04_19_21_03_0001_imagename.jpg','',NULL,'pending','2021-04-18 20:00:14.922126','2021-04-18 20:00:14.922126',1,34,'https://storage.googleapis.com/result-image-hunet-1/04_19_21_03_0001_imagename.jpg',4),
(69,'https://storage.googleapis.com/origin-image-hunet-1/04_19_21_03_0007_imagename.jpg','',NULL,'pending','2021-04-18 20:00:19.124368','2021-04-18 20:00:19.124368',1,49,'https://storage.googleapis.com/result-image-hunet-1/04_19_21_03_0007_imagename.jpg',4),
(70,'https://storage.googleapis.com/origin-image-hunet-1/04_19_21_03_0120_imagename.jpg','',NULL,'pending','2021-04-18 20:01:31.699792','2021-04-18 20:01:31.699792',1,35,'https://storage.googleapis.com/result-image-hunet-1/04_19_21_03_0120_imagename.jpg',4),
(71,'https://storage.googleapis.com/origin-image-hunet-1/04_19_21_03_0148_imagename.jpg','',NULL,'pending','2021-04-18 20:02:01.171904','2021-04-18 20:02:01.171904',1,39,'https://storage.googleapis.com/result-image-hunet-1/04_19_21_03_0148_imagename.jpg',4),
(72,'https://storage.googleapis.com/origin-image-hunet-1/04_19_21_03_0150_imagename.jpg','',NULL,'pending','2021-04-18 20:02:03.471815','2021-04-18 20:02:03.471815',1,32,'https://storage.googleapis.com/result-image-hunet-1/04_19_21_03_0150_imagename.jpg',4);

/*Table structure for table `news` */

DROP TABLE IF EXISTS `news`;

CREATE TABLE `news` (
  `id` bigint(20) unsigned NOT NULL AUTO_INCREMENT,
  `title` varchar(255) NOT NULL,
  `description` text,
  `content` text NOT NULL,
  `description_image` varchar(255) DEFAULT NULL,
  `created_at` datetime(6) NOT NULL DEFAULT CURRENT_TIMESTAMP(6),
  `updated_at` datetime(6) NOT NULL DEFAULT CURRENT_TIMESTAMP(6) ON UPDATE CURRENT_TIMESTAMP(6),
  `creatorId` bigint(20) unsigned DEFAULT NULL,
  PRIMARY KEY (`id`),
  KEY `FK_f2089d6c82cd8ee2709f53dfd00` (`creatorId`),
  CONSTRAINT `FK_f2089d6c82cd8ee2709f53dfd00` FOREIGN KEY (`creatorId`) REFERENCES `users` (`id`)
) ENGINE=InnoDB AUTO_INCREMENT=5 DEFAULT CHARSET=utf8mb4 COLLATE=utf8mb4_0900_ai_ci;

/*Data for the table `news` */

insert  into `news`(`id`,`title`,`description`,`content`,`description_image`,`created_at`,`updated_at`,`creatorId`) values 
(1,'Science News','People with rare blood clots after a COVID-19 jab share an uncommon immune response','Evidence is building that an uncommon immune response is behind dangerous, but incredibly rare, blood clots associated with some COVID-19 vaccines. But the good news is that there is a test doctors can use to identify it and get patients the right care.\r\n\r\nA small number of people out of the millions vaccinated with AstraZeneca’s or Johnson & Johnson’s COVID-19 shots have developed severe blood clots, such as ones in the sinuses that drain blood from the brain (SN: 4/7/21; 4/13/21). A few have died.\r\n\r\nStudies suggest that some inoculated people develop an immune response that attacks a protein called platelet factor 4 or PF4, which makes platelets form clots. Those platelets get used up before the body can make more. So these patients wind up with both the rare clots and low levels of blood platelets.','https://www.sciencenews.org/wp-content/uploads/2021/04/041621_eg_bloodclot_feat-1380x776.jpg','2021-03-08 09:30:24.886631','2021-04-17 02:28:50.374612',1),
(2,'Oncology & Cancer','Breast cancer death rates stop declining in younger women','Breast cancer death rates have stopped declining for women in the U.S. younger than age 40, ending a trend that existed from 1987 to 2010, according to a new study in Radiology. Researchers expressed hope that the findings would raise awareness of breast cancer in younger women and spur research into the causes behind the change.\r\nStatistics have shown steady decline in overall breast cancer mortality rates for American women since 1989. From 1989 to 2017, breast cancer mortality rates for all women in the U.S. decreased by 40%, a decrease attributed to improved treatment and increased rates of screening mammography use starting in the early to mid-1980s.\r\nIn the new study, researchers determined U.S. trends in female breast cancer mortality rates by 10-year age subgroups based on recent data from the National Center for Health Statistics.\r\nAnalysis showed that from 2010 to 2017, mortality rates decreased between 1.2% and 2.2% per year for women in each age decade from 40 to 79 years but increased by a non-significant 0.5% per year for women 20 to 39 years of age.\r\nThe changing mortality rate in younger women is likely related to an increase in distant-stage, or metastatic, breast cancers. The authors\' analysis of invasive breast cancer incidence rates from the Surveillance, Epidemiology, and End Results program found that distant-stage breast cancer incidence rates have increased by over 4% per year since the year 2000 in women ages 20 to 39 years, a much higher rate of increase than in women ages 40 and over.','http://press.rsna.org/pressrelease/2021_resources/2247/hendrick_hs-sm.jpg','2021-03-08 09:34:31.096411','2021-04-17 02:37:12.704336',1),
(3,'Nomogram Developed to Guide Management of Thin Melanomas','The researchers tested the nomogram in a development set consisting of a Dutch cohort of 25,930 patients and validated the risk prediction tool in an Australian cohort of 2968 patients. Multivariable Cox models were generated for local, regional, and distant recurrence-free survival.','n the development model, C-statistics of 0.79, 0.77, and 0.80 were found for local recurrence-free survival, regional recurrence-free survival, and distant recurrence-free survival, respectively. In the validation model, these C-statistics were 0.80, 0.76, and 0.74, respectively.\r\nThe current staging system considers only T-stage and sentinel node status to predict survival in T1 melanoma, the researchers noted.\r\n“We found that the predictive performance for [local recurrence-free survival, regional recurrence-free survival, and distant recurrence-free survival](indicated by the C-statistic) increased from 0.67, 0.68, and 0.70, respectively, for the model including T-stage and SN status to 0.79, 0.77, and 0.80, respectively, by using the current nomogram for the development cohort, and from 0.65, 0.66, and 0.65, respectively, to 0.80, 0.76, and 0.74, respectively, for the validation cohort,” they wrote.\r\nThis newly developed nomogram will “assist in the planning of appropriate follow-up schedules and determining clinical trial eligibility and stratification.”','https://www.cancertherapyadvisor.com/wp-content/uploads/sites/12/2020/02/doctor-patient-research_G_1137444439-1024x682.jpg','2021-03-08 09:42:22.420130','2021-04-17 02:36:37.196106',1),
(4,'Health & Medicine','A trick from cancer cells helps rats accept transplanted limbs','Microparticles that release a signaling protein normally secreted from cancer cells to hide from the immune system helped white Lewis rats that received donor legs from brown Norway rats tolerate the transplanted limbs.','https://www.sciencenews.org/wp-content/uploads/2020/03/031220_eg_tcells_feat.jpg','2021-04-17 02:40:15.138909','2021-04-17 02:40:15.138909',1);

/*Table structure for table `permissions` */

DROP TABLE IF EXISTS `permissions`;

CREATE TABLE `permissions` (
  `id` bigint(20) unsigned NOT NULL AUTO_INCREMENT,
  `model` varchar(50) NOT NULL,
  `action` varchar(50) NOT NULL,
  `description` varchar(255) DEFAULT NULL,
  `created_at` datetime(6) NOT NULL DEFAULT CURRENT_TIMESTAMP(6),
  `updated_at` datetime(6) NOT NULL DEFAULT CURRENT_TIMESTAMP(6) ON UPDATE CURRENT_TIMESTAMP(6),
  PRIMARY KEY (`id`)
) ENGINE=InnoDB DEFAULT CHARSET=utf8mb4 COLLATE=utf8mb4_0900_ai_ci;

/*Data for the table `permissions` */

/*Table structure for table `role_permission` */

DROP TABLE IF EXISTS `role_permission`;

CREATE TABLE `role_permission` (
  `role_id` bigint(20) unsigned NOT NULL,
  `permission_id` bigint(20) unsigned NOT NULL,
  PRIMARY KEY (`role_id`,`permission_id`),
  KEY `IDX_3d0a7155eafd75ddba5a701336` (`role_id`),
  KEY `IDX_e3a3ba47b7ca00fd23be4ebd6c` (`permission_id`),
  CONSTRAINT `FK_3d0a7155eafd75ddba5a7013368` FOREIGN KEY (`role_id`) REFERENCES `roles` (`id`) ON DELETE CASCADE,
  CONSTRAINT `FK_e3a3ba47b7ca00fd23be4ebd6cf` FOREIGN KEY (`permission_id`) REFERENCES `permissions` (`id`) ON DELETE CASCADE
) ENGINE=InnoDB DEFAULT CHARSET=utf8mb4 COLLATE=utf8mb4_0900_ai_ci;

/*Data for the table `role_permission` */

/*Table structure for table `roles` */

DROP TABLE IF EXISTS `roles`;

CREATE TABLE `roles` (
  `id` bigint(20) unsigned NOT NULL AUTO_INCREMENT,
  `name` varchar(100) NOT NULL,
  `slug` varchar(100) NOT NULL,
  `created_at` datetime(6) NOT NULL DEFAULT CURRENT_TIMESTAMP(6),
  `updated_at` datetime(6) NOT NULL DEFAULT CURRENT_TIMESTAMP(6) ON UPDATE CURRENT_TIMESTAMP(6),
  PRIMARY KEY (`id`)
) ENGINE=InnoDB AUTO_INCREMENT=5 DEFAULT CHARSET=utf8mb4 COLLATE=utf8mb4_0900_ai_ci;

/*Data for the table `roles` */

insert  into `roles`(`id`,`name`,`slug`,`created_at`,`updated_at`) values 
(1,'Admin','admin','2021-01-18 16:13:40.733776','2021-01-18 16:13:40.733776'),
(2,'Doctor','doctor','2021-03-08 08:21:38.738052','2021-03-08 08:21:38.738052'),
(3,'Customer','customer','2021-03-08 08:21:52.114627','2021-03-08 08:21:52.114627'),
(4,'Expert','expert','2021-03-08 08:40:27.510038','2021-03-08 08:40:27.510038');

/*Table structure for table `schedules` */

DROP TABLE IF EXISTS `schedules`;

CREATE TABLE `schedules` (
  `id` bigint(20) unsigned NOT NULL AUTO_INCREMENT,
  `start_date` datetime(6) NOT NULL DEFAULT CURRENT_TIMESTAMP(6),
  `start_time` datetime(6) NOT NULL DEFAULT CURRENT_TIMESTAMP(6),
  `end_time` datetime(6) NOT NULL DEFAULT CURRENT_TIMESTAMP(6),
  `created_at` datetime(6) NOT NULL DEFAULT CURRENT_TIMESTAMP(6),
  `updated_at` datetime(6) NOT NULL DEFAULT CURRENT_TIMESTAMP(6) ON UPDATE CURRENT_TIMESTAMP(6),
  `doctorId` bigint(20) unsigned DEFAULT NULL,
  `status` tinyint(4) DEFAULT '0',
  PRIMARY KEY (`id`) USING BTREE,
  KEY `FK_fb7ad28e0dd40050c93fec0b7ca` (`doctorId`) USING BTREE,
  CONSTRAINT `FK_fb7ad28e0dd40050c93fec0b7ca` FOREIGN KEY (`doctorId`) REFERENCES `users` (`id`) ON DELETE RESTRICT ON UPDATE RESTRICT
) ENGINE=InnoDB AUTO_INCREMENT=772 DEFAULT CHARSET=utf8mb4 COLLATE=utf8mb4_0900_ai_ci ROW_FORMAT=DYNAMIC;

/*Data for the table `schedules` */

insert  into `schedules`(`id`,`start_date`,`start_time`,`end_time`,`created_at`,`updated_at`,`doctorId`,`status`) values 
(368,'2021-04-12 00:00:00.000000','2021-04-12 08:00:00.000000','2021-04-12 09:00:00.000000','2021-04-14 14:24:30.000000','2021-04-14 14:30:54.000000',6,0),
(369,'2021-04-12 00:00:00.000000','2021-04-12 09:00:00.000000','2021-04-12 10:00:00.000000','2021-04-14 14:24:30.000000','2021-04-14 14:30:54.000000',6,0),
(370,'2021-04-12 00:00:00.000000','2021-04-12 10:00:00.000000','2021-04-12 11:00:00.000000','2021-04-14 14:24:30.000000','2021-04-14 14:24:30.000000',6,0),
(371,'2021-04-12 00:00:00.000000','2021-04-12 11:00:00.000000','2021-04-12 12:00:00.000000','2021-04-14 14:24:30.000000','2021-04-14 14:24:30.000000',6,0),
(372,'2021-04-12 00:00:00.000000','2021-04-12 12:00:00.000000','2021-04-12 13:00:00.000000','2021-04-14 14:24:30.000000','2021-04-14 14:24:30.000000',6,0),
(373,'2021-04-12 00:00:00.000000','2021-04-12 13:00:00.000000','2021-04-12 14:00:00.000000','2021-04-14 14:24:30.000000','2021-04-14 14:24:30.000000',6,0),
(374,'2021-04-12 00:00:00.000000','2021-04-12 14:00:00.000000','2021-04-12 15:00:00.000000','2021-04-14 14:24:30.000000','2021-04-14 14:24:30.000000',6,0),
(375,'2021-04-12 00:00:00.000000','2021-04-12 15:00:00.000000','2021-04-12 16:00:00.000000','2021-04-14 14:24:30.000000','2021-04-14 14:24:30.000000',6,0),
(376,'2021-04-12 00:00:00.000000','2021-04-12 16:00:00.000000','2021-04-12 17:00:00.000000','2021-04-14 14:24:30.000000','2021-04-14 14:24:30.000000',6,0),
(377,'2021-04-12 00:00:00.000000','2021-04-12 17:00:00.000000','2021-04-12 18:00:00.000000','2021-04-14 14:24:30.000000','2021-04-14 14:24:30.000000',6,0),
(378,'2021-04-12 00:00:00.000000','2021-04-12 18:00:00.000000','2021-04-12 19:00:00.000000','2021-04-14 14:24:30.000000','2021-04-14 14:24:30.000000',6,0),
(379,'2021-04-12 00:00:00.000000','2021-04-12 19:00:00.000000','2021-04-12 20:00:00.000000','2021-04-14 14:24:30.000000','2021-04-14 14:24:30.000000',6,0),
(380,'2021-04-13 00:00:00.000000','2021-04-13 08:00:00.000000','2021-04-13 09:00:00.000000','2021-04-14 14:24:31.000000','2021-04-14 14:24:31.000000',6,0),
(381,'2021-04-13 00:00:00.000000','2021-04-13 09:00:00.000000','2021-04-13 10:00:00.000000','2021-04-14 14:24:31.000000','2021-04-14 14:24:31.000000',6,0),
(382,'2021-04-13 00:00:00.000000','2021-04-13 10:00:00.000000','2021-04-13 11:00:00.000000','2021-04-14 14:24:31.000000','2021-04-14 14:29:13.000000',6,1),
(383,'2021-04-13 00:00:00.000000','2021-04-13 11:00:00.000000','2021-04-13 12:00:00.000000','2021-04-14 14:24:31.000000','2021-04-14 14:29:13.000000',6,1),
(384,'2021-04-13 00:00:00.000000','2021-04-13 12:00:00.000000','2021-04-13 13:00:00.000000','2021-04-14 14:24:31.000000','2021-04-14 14:30:49.000000',6,1),
(385,'2021-04-13 00:00:00.000000','2021-04-13 13:00:00.000000','2021-04-13 14:00:00.000000','2021-04-14 14:24:31.000000','2021-04-14 14:30:49.000000',6,1),
(386,'2021-04-13 00:00:00.000000','2021-04-13 14:00:00.000000','2021-04-13 15:00:00.000000','2021-04-14 14:24:31.000000','2021-04-14 14:24:31.000000',6,0),
(387,'2021-04-13 00:00:00.000000','2021-04-13 15:00:00.000000','2021-04-13 16:00:00.000000','2021-04-14 14:24:31.000000','2021-04-14 14:24:31.000000',6,0),
(388,'2021-04-13 00:00:00.000000','2021-04-13 16:00:00.000000','2021-04-13 17:00:00.000000','2021-04-14 14:24:31.000000','2021-04-14 14:24:31.000000',6,0),
(389,'2021-04-13 00:00:00.000000','2021-04-13 17:00:00.000000','2021-04-13 18:00:00.000000','2021-04-14 14:24:31.000000','2021-04-14 14:24:31.000000',6,0),
(390,'2021-04-13 00:00:00.000000','2021-04-13 18:00:00.000000','2021-04-13 19:00:00.000000','2021-04-14 14:24:31.000000','2021-04-14 14:24:31.000000',6,0),
(391,'2021-04-13 00:00:00.000000','2021-04-13 19:00:00.000000','2021-04-13 20:00:00.000000','2021-04-14 14:24:31.000000','2021-04-14 14:24:31.000000',6,0),
(392,'2021-04-14 00:00:00.000000','2021-04-14 08:00:00.000000','2021-04-14 09:00:00.000000','2021-04-14 14:24:31.000000','2021-04-14 14:24:31.000000',6,0),
(393,'2021-04-14 00:00:00.000000','2021-04-14 09:00:00.000000','2021-04-14 10:00:00.000000','2021-04-14 14:24:31.000000','2021-04-14 14:31:00.000000',6,0),
(394,'2021-04-14 00:00:00.000000','2021-04-14 10:00:00.000000','2021-04-14 11:00:00.000000','2021-04-14 14:24:31.000000','2021-04-16 09:42:07.000000',6,1),
(395,'2021-04-14 00:00:00.000000','2021-04-14 11:00:00.000000','2021-04-14 12:00:00.000000','2021-04-14 14:24:31.000000','2021-04-14 14:24:31.000000',6,0),
(396,'2021-04-14 00:00:00.000000','2021-04-14 12:00:00.000000','2021-04-14 13:00:00.000000','2021-04-14 14:24:31.000000','2021-04-14 14:30:49.000000',6,1),
(397,'2021-04-14 00:00:00.000000','2021-04-14 13:00:00.000000','2021-04-14 14:00:00.000000','2021-04-14 14:24:31.000000','2021-04-14 14:24:31.000000',6,0),
(398,'2021-04-14 00:00:00.000000','2021-04-14 14:00:00.000000','2021-04-14 15:00:00.000000','2021-04-14 14:24:31.000000','2021-04-16 09:42:10.000000',6,1),
(399,'2021-04-14 00:00:00.000000','2021-04-14 15:00:00.000000','2021-04-14 16:00:00.000000','2021-04-14 14:24:31.000000','2021-04-16 09:42:11.000000',6,1),
(400,'2021-04-14 00:00:00.000000','2021-04-14 16:00:00.000000','2021-04-14 17:00:00.000000','2021-04-14 14:24:31.000000','2021-04-16 09:42:11.000000',6,1),
(401,'2021-04-14 00:00:00.000000','2021-04-14 17:00:00.000000','2021-04-14 18:00:00.000000','2021-04-14 14:24:31.000000','2021-04-14 14:24:31.000000',6,0),
(402,'2021-04-14 00:00:00.000000','2021-04-14 18:00:00.000000','2021-04-14 19:00:00.000000','2021-04-14 14:24:31.000000','2021-04-14 14:24:31.000000',6,0),
(403,'2021-04-14 00:00:00.000000','2021-04-14 19:00:00.000000','2021-04-14 20:00:00.000000','2021-04-14 14:24:31.000000','2021-04-14 14:24:31.000000',6,0),
(404,'2021-04-15 00:00:00.000000','2021-04-15 08:00:00.000000','2021-04-15 09:00:00.000000','2021-04-14 14:24:31.000000','2021-04-14 14:24:31.000000',6,0),
(405,'2021-04-15 00:00:00.000000','2021-04-15 09:00:00.000000','2021-04-15 10:00:00.000000','2021-04-14 14:24:31.000000','2021-04-14 14:31:00.000000',6,0),
(406,'2021-04-15 00:00:00.000000','2021-04-15 10:00:00.000000','2021-04-15 11:00:00.000000','2021-04-14 14:24:31.000000','2021-04-14 14:31:00.000000',6,0),
(407,'2021-04-15 00:00:00.000000','2021-04-15 11:00:00.000000','2021-04-15 12:00:00.000000','2021-04-14 14:24:31.000000','2021-04-14 14:30:26.000000',6,1),
(408,'2021-04-15 00:00:00.000000','2021-04-15 12:00:00.000000','2021-04-15 13:00:00.000000','2021-04-14 14:24:31.000000','2021-04-14 14:30:26.000000',6,1),
(409,'2021-04-15 00:00:00.000000','2021-04-15 13:00:00.000000','2021-04-15 14:00:00.000000','2021-04-14 14:24:31.000000','2021-04-14 14:24:31.000000',6,0),
(410,'2021-04-15 00:00:00.000000','2021-04-15 14:00:00.000000','2021-04-15 15:00:00.000000','2021-04-14 14:24:31.000000','2021-04-14 14:24:31.000000',6,0),
(411,'2021-04-15 00:00:00.000000','2021-04-15 15:00:00.000000','2021-04-15 16:00:00.000000','2021-04-14 14:24:31.000000','2021-04-16 09:42:17.000000',6,1),
(412,'2021-04-15 00:00:00.000000','2021-04-15 16:00:00.000000','2021-04-15 17:00:00.000000','2021-04-14 14:24:31.000000','2021-04-14 14:24:31.000000',6,0),
(413,'2021-04-15 00:00:00.000000','2021-04-15 17:00:00.000000','2021-04-15 18:00:00.000000','2021-04-14 14:24:31.000000','2021-04-14 14:24:31.000000',6,0),
(414,'2021-04-15 00:00:00.000000','2021-04-15 18:00:00.000000','2021-04-15 19:00:00.000000','2021-04-14 14:24:31.000000','2021-04-14 14:24:31.000000',6,0),
(415,'2021-04-15 00:00:00.000000','2021-04-15 19:00:00.000000','2021-04-15 20:00:00.000000','2021-04-14 14:24:31.000000','2021-04-14 14:24:31.000000',6,0),
(416,'2021-04-16 00:00:00.000000','2021-04-16 08:00:00.000000','2021-04-16 09:00:00.000000','2021-04-14 14:24:31.000000','2021-04-14 14:24:31.000000',6,0),
(417,'2021-04-16 00:00:00.000000','2021-04-16 09:00:00.000000','2021-04-16 10:00:00.000000','2021-04-14 14:24:31.000000','2021-04-14 14:24:31.000000',6,0),
(418,'2021-04-16 00:00:00.000000','2021-04-16 10:00:00.000000','2021-04-16 11:00:00.000000','2021-04-14 14:24:31.000000','2021-04-14 14:24:31.000000',6,0),
(419,'2021-04-16 00:00:00.000000','2021-04-16 11:00:00.000000','2021-04-16 12:00:00.000000','2021-04-14 14:24:31.000000','2021-04-14 14:24:31.000000',6,0),
(420,'2021-04-16 00:00:00.000000','2021-04-16 12:00:00.000000','2021-04-16 13:00:00.000000','2021-04-14 14:24:31.000000','2021-04-14 14:24:31.000000',6,0),
(421,'2021-04-16 00:00:00.000000','2021-04-16 13:00:00.000000','2021-04-16 14:00:00.000000','2021-04-14 14:24:31.000000','2021-04-16 09:42:21.000000',6,1),
(422,'2021-04-16 00:00:00.000000','2021-04-16 14:00:00.000000','2021-04-16 15:00:00.000000','2021-04-14 14:24:31.000000','2021-04-14 14:24:31.000000',6,0),
(423,'2021-04-16 00:00:00.000000','2021-04-16 15:00:00.000000','2021-04-16 16:00:00.000000','2021-04-14 14:24:31.000000','2021-04-16 09:42:23.000000',6,1),
(424,'2021-04-16 00:00:00.000000','2021-04-16 16:00:00.000000','2021-04-16 17:00:00.000000','2021-04-14 14:24:31.000000','2021-04-14 14:24:31.000000',6,0),
(425,'2021-04-16 00:00:00.000000','2021-04-16 17:00:00.000000','2021-04-16 18:00:00.000000','2021-04-14 14:24:31.000000','2021-04-15 14:28:08.000000',6,1),
(426,'2021-04-16 00:00:00.000000','2021-04-16 18:00:00.000000','2021-04-16 19:00:00.000000','2021-04-14 14:24:31.000000','2021-04-14 14:24:31.000000',6,0),
(427,'2021-04-16 00:00:00.000000','2021-04-16 19:00:00.000000','2021-04-16 20:00:00.000000','2021-04-14 14:24:31.000000','2021-04-14 14:24:31.000000',6,0),
(428,'2021-04-17 00:00:00.000000','2021-04-17 08:00:00.000000','2021-04-17 09:00:00.000000','2021-04-14 14:24:31.000000','2021-04-14 14:24:31.000000',6,0),
(429,'2021-04-17 00:00:00.000000','2021-04-17 09:00:00.000000','2021-04-17 10:00:00.000000','2021-04-14 14:24:31.000000','2021-04-14 14:24:31.000000',6,0),
(430,'2021-04-17 00:00:00.000000','2021-04-17 10:00:00.000000','2021-04-17 11:00:00.000000','2021-04-14 14:24:31.000000','2021-04-15 14:28:11.000000',6,1),
(431,'2021-04-17 00:00:00.000000','2021-04-17 11:00:00.000000','2021-04-17 12:00:00.000000','2021-04-14 14:24:31.000000','2021-04-14 14:24:31.000000',6,0),
(432,'2021-04-17 00:00:00.000000','2021-04-17 12:00:00.000000','2021-04-17 13:00:00.000000','2021-04-14 14:24:31.000000','2021-04-14 14:24:31.000000',6,0),
(433,'2021-04-17 00:00:00.000000','2021-04-17 13:00:00.000000','2021-04-17 14:00:00.000000','2021-04-14 14:24:31.000000','2021-04-14 14:24:31.000000',6,0),
(434,'2021-04-17 00:00:00.000000','2021-04-17 14:00:00.000000','2021-04-17 15:00:00.000000','2021-04-14 14:24:31.000000','2021-04-16 09:42:28.000000',6,1),
(435,'2021-04-17 00:00:00.000000','2021-04-17 15:00:00.000000','2021-04-17 16:00:00.000000','2021-04-14 14:24:31.000000','2021-04-16 09:42:29.000000',6,1),
(436,'2021-04-17 00:00:00.000000','2021-04-17 16:00:00.000000','2021-04-17 17:00:00.000000','2021-04-14 14:24:31.000000','2021-04-16 09:42:30.000000',6,1),
(437,'2021-04-17 00:00:00.000000','2021-04-17 17:00:00.000000','2021-04-17 18:00:00.000000','2021-04-14 14:24:31.000000','2021-04-14 14:24:31.000000',6,0),
(438,'2021-04-17 00:00:00.000000','2021-04-17 18:00:00.000000','2021-04-17 19:00:00.000000','2021-04-14 14:24:31.000000','2021-04-14 14:24:31.000000',6,0),
(439,'2021-04-17 00:00:00.000000','2021-04-17 19:00:00.000000','2021-04-17 20:00:00.000000','2021-04-14 14:24:31.000000','2021-04-14 14:24:31.000000',6,0),
(440,'2021-04-18 00:00:00.000000','2021-04-18 08:00:00.000000','2021-04-18 09:00:00.000000','2021-04-14 14:24:31.000000','2021-04-14 14:24:31.000000',6,0),
(441,'2021-04-18 00:00:00.000000','2021-04-18 09:00:00.000000','2021-04-18 10:00:00.000000','2021-04-14 14:24:31.000000','2021-04-14 14:24:31.000000',6,0),
(442,'2021-04-18 00:00:00.000000','2021-04-18 10:00:00.000000','2021-04-18 11:00:00.000000','2021-04-14 14:24:31.000000','2021-04-14 14:24:31.000000',6,0),
(443,'2021-04-18 00:00:00.000000','2021-04-18 11:00:00.000000','2021-04-18 12:00:00.000000','2021-04-14 14:24:32.000000','2021-04-14 14:24:32.000000',6,0),
(444,'2021-04-18 00:00:00.000000','2021-04-18 12:00:00.000000','2021-04-18 13:00:00.000000','2021-04-14 14:24:32.000000','2021-04-14 14:24:32.000000',6,0),
(445,'2021-04-18 00:00:00.000000','2021-04-18 13:00:00.000000','2021-04-18 14:00:00.000000','2021-04-14 14:24:32.000000','2021-04-14 14:24:32.000000',6,0),
(446,'2021-04-18 00:00:00.000000','2021-04-18 14:00:00.000000','2021-04-18 15:00:00.000000','2021-04-14 14:24:32.000000','2021-04-14 14:24:32.000000',6,0),
(447,'2021-04-18 00:00:00.000000','2021-04-18 15:00:00.000000','2021-04-18 16:00:00.000000','2021-04-14 14:24:32.000000','2021-04-16 09:42:35.000000',6,1),
(448,'2021-04-18 00:00:00.000000','2021-04-18 16:00:00.000000','2021-04-18 17:00:00.000000','2021-04-14 14:24:32.000000','2021-04-16 09:42:36.000000',6,1),
(449,'2021-04-18 00:00:00.000000','2021-04-18 17:00:00.000000','2021-04-18 18:00:00.000000','2021-04-14 14:24:32.000000','2021-04-18 09:56:43.000000',6,1),
(450,'2021-04-18 00:00:00.000000','2021-04-18 18:00:00.000000','2021-04-18 19:00:00.000000','2021-04-14 14:24:32.000000','2021-04-18 09:56:43.000000',6,1),
(451,'2021-04-18 00:00:00.000000','2021-04-18 19:00:00.000000','2021-04-18 20:00:00.000000','2021-04-14 14:24:32.000000','2021-04-18 09:56:43.000000',6,1),
(452,'2021-04-12 00:00:00.000000','2021-04-12 08:00:00.000000','2021-04-12 09:00:00.000000','2021-04-14 14:31:02.000000','2021-04-14 14:31:02.000000',7,0),
(453,'2021-04-12 00:00:00.000000','2021-04-12 09:00:00.000000','2021-04-12 10:00:00.000000','2021-04-14 14:31:02.000000','2021-04-14 14:31:02.000000',7,0),
(454,'2021-04-12 00:00:00.000000','2021-04-12 10:00:00.000000','2021-04-12 11:00:00.000000','2021-04-14 14:31:02.000000','2021-04-14 14:31:02.000000',7,0),
(455,'2021-04-12 00:00:00.000000','2021-04-12 11:00:00.000000','2021-04-12 12:00:00.000000','2021-04-14 14:31:02.000000','2021-04-14 14:31:02.000000',7,0),
(456,'2021-04-12 00:00:00.000000','2021-04-12 12:00:00.000000','2021-04-12 13:00:00.000000','2021-04-14 14:31:02.000000','2021-04-14 14:31:02.000000',7,0),
(457,'2021-04-12 00:00:00.000000','2021-04-12 13:00:00.000000','2021-04-12 14:00:00.000000','2021-04-14 14:31:02.000000','2021-04-14 14:31:02.000000',7,0),
(458,'2021-04-12 00:00:00.000000','2021-04-12 14:00:00.000000','2021-04-12 15:00:00.000000','2021-04-14 14:31:02.000000','2021-04-14 14:31:02.000000',7,0),
(459,'2021-04-12 00:00:00.000000','2021-04-12 15:00:00.000000','2021-04-12 16:00:00.000000','2021-04-14 14:31:02.000000','2021-04-14 14:31:02.000000',7,0),
(460,'2021-04-12 00:00:00.000000','2021-04-12 16:00:00.000000','2021-04-12 17:00:00.000000','2021-04-14 14:31:02.000000','2021-04-14 14:31:02.000000',7,0),
(461,'2021-04-12 00:00:00.000000','2021-04-12 17:00:00.000000','2021-04-12 18:00:00.000000','2021-04-14 14:31:02.000000','2021-04-14 14:31:02.000000',7,0),
(462,'2021-04-12 00:00:00.000000','2021-04-12 18:00:00.000000','2021-04-12 19:00:00.000000','2021-04-14 14:31:02.000000','2021-04-18 09:55:22.000000',7,1),
(463,'2021-04-12 00:00:00.000000','2021-04-12 19:00:00.000000','2021-04-12 20:00:00.000000','2021-04-14 14:31:02.000000','2021-04-18 09:55:22.000000',7,1),
(464,'2021-04-13 00:00:00.000000','2021-04-13 08:00:00.000000','2021-04-13 09:00:00.000000','2021-04-14 14:31:02.000000','2021-04-14 14:31:02.000000',7,0),
(465,'2021-04-13 00:00:00.000000','2021-04-13 09:00:00.000000','2021-04-13 10:00:00.000000','2021-04-14 14:31:02.000000','2021-04-14 14:31:02.000000',7,0),
(466,'2021-04-13 00:00:00.000000','2021-04-13 10:00:00.000000','2021-04-13 11:00:00.000000','2021-04-14 14:31:02.000000','2021-04-14 14:31:02.000000',7,0),
(467,'2021-04-13 00:00:00.000000','2021-04-13 11:00:00.000000','2021-04-13 12:00:00.000000','2021-04-14 14:31:02.000000','2021-04-14 14:31:02.000000',7,0),
(468,'2021-04-13 00:00:00.000000','2021-04-13 12:00:00.000000','2021-04-13 13:00:00.000000','2021-04-14 14:31:02.000000','2021-04-14 14:31:02.000000',7,0),
(469,'2021-04-13 00:00:00.000000','2021-04-13 13:00:00.000000','2021-04-13 14:00:00.000000','2021-04-14 14:31:02.000000','2021-04-14 14:31:02.000000',7,0),
(470,'2021-04-13 00:00:00.000000','2021-04-13 14:00:00.000000','2021-04-13 15:00:00.000000','2021-04-14 14:31:02.000000','2021-04-14 14:31:02.000000',7,0),
(471,'2021-04-13 00:00:00.000000','2021-04-13 15:00:00.000000','2021-04-13 16:00:00.000000','2021-04-14 14:31:02.000000','2021-04-14 14:31:02.000000',7,0),
(472,'2021-04-13 00:00:00.000000','2021-04-13 16:00:00.000000','2021-04-13 17:00:00.000000','2021-04-14 14:31:02.000000','2021-04-14 14:31:02.000000',7,0),
(473,'2021-04-13 00:00:00.000000','2021-04-13 17:00:00.000000','2021-04-13 18:00:00.000000','2021-04-14 14:31:02.000000','2021-04-14 14:31:02.000000',7,0),
(474,'2021-04-13 00:00:00.000000','2021-04-13 18:00:00.000000','2021-04-13 19:00:00.000000','2021-04-14 14:31:02.000000','2021-04-18 09:55:22.000000',7,1),
(475,'2021-04-13 00:00:00.000000','2021-04-13 19:00:00.000000','2021-04-13 20:00:00.000000','2021-04-14 14:31:02.000000','2021-04-18 09:55:22.000000',7,1),
(476,'2021-04-14 00:00:00.000000','2021-04-14 08:00:00.000000','2021-04-14 09:00:00.000000','2021-04-14 14:31:02.000000','2021-04-14 14:31:02.000000',7,0),
(477,'2021-04-14 00:00:00.000000','2021-04-14 09:00:00.000000','2021-04-14 10:00:00.000000','2021-04-14 14:31:02.000000','2021-04-14 14:31:05.000000',7,1),
(478,'2021-04-14 00:00:00.000000','2021-04-14 10:00:00.000000','2021-04-14 11:00:00.000000','2021-04-14 14:31:02.000000','2021-04-14 14:31:05.000000',7,1),
(479,'2021-04-14 00:00:00.000000','2021-04-14 11:00:00.000000','2021-04-14 12:00:00.000000','2021-04-14 14:31:02.000000','2021-04-14 14:31:02.000000',7,0),
(480,'2021-04-14 00:00:00.000000','2021-04-14 12:00:00.000000','2021-04-14 13:00:00.000000','2021-04-14 14:31:02.000000','2021-04-14 14:31:02.000000',7,0),
(481,'2021-04-14 00:00:00.000000','2021-04-14 13:00:00.000000','2021-04-14 14:00:00.000000','2021-04-14 14:31:02.000000','2021-04-14 14:31:02.000000',7,0),
(482,'2021-04-14 00:00:00.000000','2021-04-14 14:00:00.000000','2021-04-14 15:00:00.000000','2021-04-14 14:31:02.000000','2021-04-14 14:31:02.000000',7,0),
(483,'2021-04-14 00:00:00.000000','2021-04-14 15:00:00.000000','2021-04-14 16:00:00.000000','2021-04-14 14:31:02.000000','2021-04-14 14:31:02.000000',7,0),
(484,'2021-04-14 00:00:00.000000','2021-04-14 16:00:00.000000','2021-04-14 17:00:00.000000','2021-04-14 14:31:02.000000','2021-04-14 14:31:02.000000',7,0),
(485,'2021-04-14 00:00:00.000000','2021-04-14 17:00:00.000000','2021-04-14 18:00:00.000000','2021-04-14 14:31:02.000000','2021-04-14 14:31:02.000000',7,0),
(486,'2021-04-14 00:00:00.000000','2021-04-14 18:00:00.000000','2021-04-14 19:00:00.000000','2021-04-14 14:31:02.000000','2021-04-18 09:55:22.000000',7,1),
(487,'2021-04-14 00:00:00.000000','2021-04-14 19:00:00.000000','2021-04-14 20:00:00.000000','2021-04-14 14:31:02.000000','2021-04-18 09:55:22.000000',7,1),
(488,'2021-04-15 00:00:00.000000','2021-04-15 08:00:00.000000','2021-04-15 09:00:00.000000','2021-04-14 14:31:02.000000','2021-04-14 14:31:02.000000',7,0),
(489,'2021-04-15 00:00:00.000000','2021-04-15 09:00:00.000000','2021-04-15 10:00:00.000000','2021-04-14 14:31:02.000000','2021-04-18 09:53:02.000000',7,1),
(490,'2021-04-15 00:00:00.000000','2021-04-15 10:00:00.000000','2021-04-15 11:00:00.000000','2021-04-14 14:31:02.000000','2021-04-18 09:53:02.000000',7,1),
(491,'2021-04-15 00:00:00.000000','2021-04-15 11:00:00.000000','2021-04-15 12:00:00.000000','2021-04-14 14:31:02.000000','2021-04-18 09:53:02.000000',7,1),
(492,'2021-04-15 00:00:00.000000','2021-04-15 12:00:00.000000','2021-04-15 13:00:00.000000','2021-04-14 14:31:02.000000','2021-04-18 09:53:02.000000',7,1),
(493,'2021-04-15 00:00:00.000000','2021-04-15 13:00:00.000000','2021-04-15 14:00:00.000000','2021-04-14 14:31:02.000000','2021-04-18 09:53:02.000000',7,1),
(494,'2021-04-15 00:00:00.000000','2021-04-15 14:00:00.000000','2021-04-15 15:00:00.000000','2021-04-14 14:31:02.000000','2021-04-18 09:53:02.000000',7,1),
(495,'2021-04-15 00:00:00.000000','2021-04-15 15:00:00.000000','2021-04-15 16:00:00.000000','2021-04-14 14:31:02.000000','2021-04-18 09:53:02.000000',7,1),
(496,'2021-04-15 00:00:00.000000','2021-04-15 16:00:00.000000','2021-04-15 17:00:00.000000','2021-04-14 14:31:02.000000','2021-04-18 09:53:02.000000',7,1),
(497,'2021-04-15 00:00:00.000000','2021-04-15 17:00:00.000000','2021-04-15 18:00:00.000000','2021-04-14 14:31:02.000000','2021-04-18 09:53:02.000000',7,1),
(498,'2021-04-15 00:00:00.000000','2021-04-15 18:00:00.000000','2021-04-15 19:00:00.000000','2021-04-14 14:31:02.000000','2021-04-14 14:31:02.000000',7,0),
(499,'2021-04-15 00:00:00.000000','2021-04-15 19:00:00.000000','2021-04-15 20:00:00.000000','2021-04-14 14:31:02.000000','2021-04-14 14:31:02.000000',7,0),
(500,'2021-04-16 00:00:00.000000','2021-04-16 08:00:00.000000','2021-04-16 09:00:00.000000','2021-04-14 14:31:02.000000','2021-04-14 14:31:02.000000',7,0),
(501,'2021-04-16 00:00:00.000000','2021-04-16 09:00:00.000000','2021-04-16 10:00:00.000000','2021-04-14 14:31:02.000000','2021-04-14 14:31:02.000000',7,0),
(502,'2021-04-16 00:00:00.000000','2021-04-16 10:00:00.000000','2021-04-16 11:00:00.000000','2021-04-14 14:31:02.000000','2021-04-14 14:31:02.000000',7,0),
(503,'2021-04-16 00:00:00.000000','2021-04-16 11:00:00.000000','2021-04-16 12:00:00.000000','2021-04-14 14:31:02.000000','2021-04-14 14:31:02.000000',7,0),
(504,'2021-04-16 00:00:00.000000','2021-04-16 12:00:00.000000','2021-04-16 13:00:00.000000','2021-04-14 14:31:02.000000','2021-04-14 14:31:02.000000',7,0),
(505,'2021-04-16 00:00:00.000000','2021-04-16 13:00:00.000000','2021-04-16 14:00:00.000000','2021-04-14 14:31:02.000000','2021-04-14 14:31:02.000000',7,0),
(506,'2021-04-16 00:00:00.000000','2021-04-16 14:00:00.000000','2021-04-16 15:00:00.000000','2021-04-14 14:31:02.000000','2021-04-14 14:31:02.000000',7,0),
(507,'2021-04-16 00:00:00.000000','2021-04-16 15:00:00.000000','2021-04-16 16:00:00.000000','2021-04-14 14:31:02.000000','2021-04-18 09:53:02.000000',7,1),
(508,'2021-04-16 00:00:00.000000','2021-04-16 16:00:00.000000','2021-04-16 17:00:00.000000','2021-04-14 14:31:02.000000','2021-04-18 09:53:02.000000',7,1),
(509,'2021-04-16 00:00:00.000000','2021-04-16 17:00:00.000000','2021-04-16 18:00:00.000000','2021-04-14 14:31:02.000000','2021-04-18 09:53:02.000000',7,1),
(510,'2021-04-16 00:00:00.000000','2021-04-16 18:00:00.000000','2021-04-16 19:00:00.000000','2021-04-14 14:31:02.000000','2021-04-18 09:53:02.000000',7,1),
(511,'2021-04-16 00:00:00.000000','2021-04-16 19:00:00.000000','2021-04-16 20:00:00.000000','2021-04-14 14:31:02.000000','2021-04-18 09:53:02.000000',7,1),
(512,'2021-04-17 00:00:00.000000','2021-04-17 08:00:00.000000','2021-04-17 09:00:00.000000','2021-04-14 14:31:02.000000','2021-04-14 14:31:02.000000',7,0),
(513,'2021-04-17 00:00:00.000000','2021-04-17 09:00:00.000000','2021-04-17 10:00:00.000000','2021-04-14 14:31:02.000000','2021-04-14 14:31:02.000000',7,0),
(514,'2021-04-17 00:00:00.000000','2021-04-17 10:00:00.000000','2021-04-17 11:00:00.000000','2021-04-14 14:31:02.000000','2021-04-14 14:31:02.000000',7,0),
(515,'2021-04-17 00:00:00.000000','2021-04-17 11:00:00.000000','2021-04-17 12:00:00.000000','2021-04-14 14:31:02.000000','2021-04-14 14:31:02.000000',7,0),
(516,'2021-04-17 00:00:00.000000','2021-04-17 12:00:00.000000','2021-04-17 13:00:00.000000','2021-04-14 14:31:02.000000','2021-04-14 14:31:02.000000',7,0),
(517,'2021-04-17 00:00:00.000000','2021-04-17 13:00:00.000000','2021-04-17 14:00:00.000000','2021-04-14 14:31:02.000000','2021-04-14 14:31:02.000000',7,0),
(518,'2021-04-17 00:00:00.000000','2021-04-17 14:00:00.000000','2021-04-17 15:00:00.000000','2021-04-14 14:31:02.000000','2021-04-14 14:31:02.000000',7,0),
(519,'2021-04-17 00:00:00.000000','2021-04-17 15:00:00.000000','2021-04-17 16:00:00.000000','2021-04-14 14:31:02.000000','2021-04-14 14:31:02.000000',7,0),
(520,'2021-04-17 00:00:00.000000','2021-04-17 16:00:00.000000','2021-04-17 17:00:00.000000','2021-04-14 14:31:02.000000','2021-04-18 09:53:02.000000',7,1),
(521,'2021-04-17 00:00:00.000000','2021-04-17 17:00:00.000000','2021-04-17 18:00:00.000000','2021-04-14 14:31:02.000000','2021-04-18 09:53:02.000000',7,1),
(522,'2021-04-17 00:00:00.000000','2021-04-17 18:00:00.000000','2021-04-17 19:00:00.000000','2021-04-14 14:31:02.000000','2021-04-18 09:53:03.000000',7,1),
(523,'2021-04-17 00:00:00.000000','2021-04-17 19:00:00.000000','2021-04-17 20:00:00.000000','2021-04-14 14:31:02.000000','2021-04-18 09:53:03.000000',7,1),
(524,'2021-04-18 00:00:00.000000','2021-04-18 08:00:00.000000','2021-04-18 09:00:00.000000','2021-04-14 14:31:02.000000','2021-04-14 14:31:02.000000',7,0),
(525,'2021-04-18 00:00:00.000000','2021-04-18 09:00:00.000000','2021-04-18 10:00:00.000000','2021-04-14 14:31:02.000000','2021-04-18 09:56:27.000000',7,1),
(526,'2021-04-18 00:00:00.000000','2021-04-18 10:00:00.000000','2021-04-18 11:00:00.000000','2021-04-14 14:31:02.000000','2021-04-18 09:56:27.000000',7,1),
(527,'2021-04-18 00:00:00.000000','2021-04-18 11:00:00.000000','2021-04-18 12:00:00.000000','2021-04-14 14:31:02.000000','2021-04-18 09:56:27.000000',7,1),
(528,'2021-04-18 00:00:00.000000','2021-04-18 12:00:00.000000','2021-04-18 13:00:00.000000','2021-04-14 14:31:02.000000','2021-04-18 09:56:27.000000',7,1),
(529,'2021-04-18 00:00:00.000000','2021-04-18 13:00:00.000000','2021-04-18 14:00:00.000000','2021-04-14 14:31:02.000000','2021-04-18 09:56:27.000000',7,1),
(530,'2021-04-18 00:00:00.000000','2021-04-18 14:00:00.000000','2021-04-18 15:00:00.000000','2021-04-14 14:31:02.000000','2021-04-18 09:56:27.000000',7,1),
(531,'2021-04-18 00:00:00.000000','2021-04-18 15:00:00.000000','2021-04-18 16:00:00.000000','2021-04-14 14:31:02.000000','2021-04-18 09:56:27.000000',7,1),
(532,'2021-04-18 00:00:00.000000','2021-04-18 16:00:00.000000','2021-04-18 17:00:00.000000','2021-04-14 14:31:02.000000','2021-04-18 09:53:03.000000',7,1),
(533,'2021-04-18 00:00:00.000000','2021-04-18 17:00:00.000000','2021-04-18 18:00:00.000000','2021-04-14 14:31:02.000000','2021-04-18 09:53:03.000000',7,1),
(534,'2021-04-18 00:00:00.000000','2021-04-18 18:00:00.000000','2021-04-18 19:00:00.000000','2021-04-14 14:31:02.000000','2021-04-18 09:53:03.000000',7,1),
(535,'2021-04-18 00:00:00.000000','2021-04-18 19:00:00.000000','2021-04-18 20:00:00.000000','2021-04-14 14:31:02.000000','2021-04-18 09:53:03.000000',7,1),
(536,'2021-04-12 00:00:00.000000','2021-04-12 08:00:00.000000','2021-04-12 09:00:00.000000','2021-04-16 14:45:30.000000','2021-04-16 14:45:30.000000',27,0),
(537,'2021-04-12 00:00:00.000000','2021-04-12 09:00:00.000000','2021-04-12 10:00:00.000000','2021-04-16 14:45:31.000000','2021-04-16 14:45:31.000000',27,0),
(538,'2021-04-12 00:00:00.000000','2021-04-12 10:00:00.000000','2021-04-12 11:00:00.000000','2021-04-16 14:45:32.000000','2021-04-16 14:45:32.000000',27,0),
(539,'2021-04-12 00:00:00.000000','2021-04-12 11:00:00.000000','2021-04-12 12:00:00.000000','2021-04-16 14:45:33.000000','2021-04-16 14:45:33.000000',27,0),
(540,'2021-04-12 00:00:00.000000','2021-04-12 12:00:00.000000','2021-04-12 13:00:00.000000','2021-04-16 14:45:33.000000','2021-04-16 14:45:33.000000',27,0),
(541,'2021-04-12 00:00:00.000000','2021-04-12 13:00:00.000000','2021-04-12 14:00:00.000000','2021-04-16 14:45:34.000000','2021-04-16 14:45:34.000000',27,0),
(542,'2021-04-12 00:00:00.000000','2021-04-12 14:00:00.000000','2021-04-12 15:00:00.000000','2021-04-16 14:45:35.000000','2021-04-16 14:45:35.000000',27,0),
(543,'2021-04-12 00:00:00.000000','2021-04-12 15:00:00.000000','2021-04-12 16:00:00.000000','2021-04-16 14:45:36.000000','2021-04-16 14:45:36.000000',27,0),
(544,'2021-04-12 00:00:00.000000','2021-04-12 16:00:00.000000','2021-04-12 17:00:00.000000','2021-04-16 14:45:37.000000','2021-04-16 14:45:37.000000',27,0),
(545,'2021-04-12 00:00:00.000000','2021-04-12 17:00:00.000000','2021-04-12 18:00:00.000000','2021-04-16 14:45:38.000000','2021-04-16 14:45:38.000000',27,0),
(546,'2021-04-12 00:00:00.000000','2021-04-12 18:00:00.000000','2021-04-12 19:00:00.000000','2021-04-16 14:45:38.000000','2021-04-16 14:45:38.000000',27,0),
(547,'2021-04-12 00:00:00.000000','2021-04-12 19:00:00.000000','2021-04-12 20:00:00.000000','2021-04-16 14:45:39.000000','2021-04-16 14:45:39.000000',27,0),
(548,'2021-04-13 00:00:00.000000','2021-04-13 08:00:00.000000','2021-04-13 09:00:00.000000','2021-04-16 14:45:40.000000','2021-04-16 14:45:40.000000',27,0),
(549,'2021-04-13 00:00:00.000000','2021-04-13 09:00:00.000000','2021-04-13 10:00:00.000000','2021-04-16 14:45:41.000000','2021-04-16 14:45:41.000000',27,0),
(550,'2021-04-13 00:00:00.000000','2021-04-13 10:00:00.000000','2021-04-13 11:00:00.000000','2021-04-16 14:45:42.000000','2021-04-16 14:45:42.000000',27,0),
(551,'2021-04-13 00:00:00.000000','2021-04-13 11:00:00.000000','2021-04-13 12:00:00.000000','2021-04-16 14:45:43.000000','2021-04-16 14:45:43.000000',27,0),
(552,'2021-04-13 00:00:00.000000','2021-04-13 12:00:00.000000','2021-04-13 13:00:00.000000','2021-04-16 14:45:43.000000','2021-04-16 14:45:43.000000',27,0),
(553,'2021-04-13 00:00:00.000000','2021-04-13 13:00:00.000000','2021-04-13 14:00:00.000000','2021-04-16 14:45:44.000000','2021-04-16 14:45:44.000000',27,0),
(554,'2021-04-13 00:00:00.000000','2021-04-13 14:00:00.000000','2021-04-13 15:00:00.000000','2021-04-16 14:45:45.000000','2021-04-16 14:45:45.000000',27,0),
(555,'2021-04-13 00:00:00.000000','2021-04-13 15:00:00.000000','2021-04-13 16:00:00.000000','2021-04-16 14:45:46.000000','2021-04-16 14:45:46.000000',27,0),
(556,'2021-04-13 00:00:00.000000','2021-04-13 16:00:00.000000','2021-04-13 17:00:00.000000','2021-04-16 14:45:47.000000','2021-04-16 14:45:47.000000',27,0),
(557,'2021-04-13 00:00:00.000000','2021-04-13 17:00:00.000000','2021-04-13 18:00:00.000000','2021-04-16 14:45:48.000000','2021-04-16 14:45:48.000000',27,0),
(558,'2021-04-13 00:00:00.000000','2021-04-13 18:00:00.000000','2021-04-13 19:00:00.000000','2021-04-16 14:45:48.000000','2021-04-16 14:45:48.000000',27,0),
(559,'2021-04-13 00:00:00.000000','2021-04-13 19:00:00.000000','2021-04-13 20:00:00.000000','2021-04-16 14:45:49.000000','2021-04-16 14:45:49.000000',27,0),
(560,'2021-04-14 00:00:00.000000','2021-04-14 08:00:00.000000','2021-04-14 09:00:00.000000','2021-04-16 14:45:50.000000','2021-04-16 14:45:50.000000',27,0),
(561,'2021-04-14 00:00:00.000000','2021-04-14 09:00:00.000000','2021-04-14 10:00:00.000000','2021-04-16 14:45:51.000000','2021-04-16 14:45:51.000000',27,0),
(562,'2021-04-14 00:00:00.000000','2021-04-14 10:00:00.000000','2021-04-14 11:00:00.000000','2021-04-16 14:45:52.000000','2021-04-16 14:45:52.000000',27,0),
(563,'2021-04-14 00:00:00.000000','2021-04-14 11:00:00.000000','2021-04-14 12:00:00.000000','2021-04-16 14:45:53.000000','2021-04-16 14:45:53.000000',27,0),
(564,'2021-04-14 00:00:00.000000','2021-04-14 12:00:00.000000','2021-04-14 13:00:00.000000','2021-04-16 14:45:53.000000','2021-04-16 14:45:53.000000',27,0),
(565,'2021-04-14 00:00:00.000000','2021-04-14 13:00:00.000000','2021-04-14 14:00:00.000000','2021-04-16 14:45:54.000000','2021-04-16 14:45:54.000000',27,0),
(566,'2021-04-14 00:00:00.000000','2021-04-14 14:00:00.000000','2021-04-14 15:00:00.000000','2021-04-16 14:45:55.000000','2021-04-16 14:45:55.000000',27,0),
(567,'2021-04-14 00:00:00.000000','2021-04-14 15:00:00.000000','2021-04-14 16:00:00.000000','2021-04-16 14:45:56.000000','2021-04-16 14:45:56.000000',27,0),
(568,'2021-04-14 00:00:00.000000','2021-04-14 16:00:00.000000','2021-04-14 17:00:00.000000','2021-04-16 14:45:57.000000','2021-04-16 14:45:57.000000',27,0),
(569,'2021-04-14 00:00:00.000000','2021-04-14 17:00:00.000000','2021-04-14 18:00:00.000000','2021-04-16 14:45:58.000000','2021-04-16 14:45:58.000000',27,0),
(570,'2021-04-14 00:00:00.000000','2021-04-14 18:00:00.000000','2021-04-14 19:00:00.000000','2021-04-16 14:45:59.000000','2021-04-16 14:45:59.000000',27,0),
(571,'2021-04-14 00:00:00.000000','2021-04-14 19:00:00.000000','2021-04-14 20:00:00.000000','2021-04-16 14:45:59.000000','2021-04-16 14:45:59.000000',27,0),
(572,'2021-04-15 00:00:00.000000','2021-04-15 08:00:00.000000','2021-04-15 09:00:00.000000','2021-04-16 14:46:00.000000','2021-04-16 14:46:00.000000',27,0),
(573,'2021-04-15 00:00:00.000000','2021-04-15 09:00:00.000000','2021-04-15 10:00:00.000000','2021-04-16 14:46:01.000000','2021-04-16 14:46:01.000000',27,0),
(574,'2021-04-15 00:00:00.000000','2021-04-15 10:00:00.000000','2021-04-15 11:00:00.000000','2021-04-16 14:46:02.000000','2021-04-16 14:46:02.000000',27,0),
(575,'2021-04-15 00:00:00.000000','2021-04-15 11:00:00.000000','2021-04-15 12:00:00.000000','2021-04-16 14:46:03.000000','2021-04-16 14:46:03.000000',27,0),
(576,'2021-04-15 00:00:00.000000','2021-04-15 12:00:00.000000','2021-04-15 13:00:00.000000','2021-04-16 14:46:04.000000','2021-04-16 14:46:04.000000',27,0),
(577,'2021-04-15 00:00:00.000000','2021-04-15 13:00:00.000000','2021-04-15 14:00:00.000000','2021-04-16 14:46:04.000000','2021-04-16 14:46:04.000000',27,0),
(578,'2021-04-15 00:00:00.000000','2021-04-15 14:00:00.000000','2021-04-15 15:00:00.000000','2021-04-16 14:46:05.000000','2021-04-16 14:46:05.000000',27,0),
(579,'2021-04-15 00:00:00.000000','2021-04-15 15:00:00.000000','2021-04-15 16:00:00.000000','2021-04-16 14:46:06.000000','2021-04-16 14:46:06.000000',27,0),
(580,'2021-04-15 00:00:00.000000','2021-04-15 16:00:00.000000','2021-04-15 17:00:00.000000','2021-04-16 14:46:07.000000','2021-04-16 14:46:07.000000',27,0),
(581,'2021-04-15 00:00:00.000000','2021-04-15 17:00:00.000000','2021-04-15 18:00:00.000000','2021-04-16 14:46:08.000000','2021-04-16 14:46:08.000000',27,0),
(582,'2021-04-15 00:00:00.000000','2021-04-15 18:00:00.000000','2021-04-15 19:00:00.000000','2021-04-16 14:46:09.000000','2021-04-16 14:46:09.000000',27,0),
(583,'2021-04-15 00:00:00.000000','2021-04-15 19:00:00.000000','2021-04-15 20:00:00.000000','2021-04-16 14:46:09.000000','2021-04-16 14:46:09.000000',27,0),
(584,'2021-04-16 00:00:00.000000','2021-04-16 08:00:00.000000','2021-04-16 09:00:00.000000','2021-04-16 14:46:10.000000','2021-04-16 14:46:10.000000',27,0),
(585,'2021-04-16 00:00:00.000000','2021-04-16 09:00:00.000000','2021-04-16 10:00:00.000000','2021-04-16 14:46:11.000000','2021-04-16 14:46:11.000000',27,0),
(586,'2021-04-16 00:00:00.000000','2021-04-16 10:00:00.000000','2021-04-16 11:00:00.000000','2021-04-16 14:46:12.000000','2021-04-16 14:46:12.000000',27,0),
(587,'2021-04-16 00:00:00.000000','2021-04-16 11:00:00.000000','2021-04-16 12:00:00.000000','2021-04-16 14:46:13.000000','2021-04-16 14:46:13.000000',27,0),
(588,'2021-04-16 00:00:00.000000','2021-04-16 12:00:00.000000','2021-04-16 13:00:00.000000','2021-04-16 14:46:13.000000','2021-04-16 14:46:13.000000',27,0),
(589,'2021-04-16 00:00:00.000000','2021-04-16 13:00:00.000000','2021-04-16 14:00:00.000000','2021-04-16 14:46:14.000000','2021-04-16 14:46:14.000000',27,0),
(590,'2021-04-16 00:00:00.000000','2021-04-16 14:00:00.000000','2021-04-16 15:00:00.000000','2021-04-16 14:46:15.000000','2021-04-16 14:46:15.000000',27,0),
(591,'2021-04-16 00:00:00.000000','2021-04-16 15:00:00.000000','2021-04-16 16:00:00.000000','2021-04-16 14:46:16.000000','2021-04-16 14:46:16.000000',27,0),
(592,'2021-04-16 00:00:00.000000','2021-04-16 16:00:00.000000','2021-04-16 17:00:00.000000','2021-04-16 14:46:17.000000','2021-04-16 14:46:17.000000',27,0),
(593,'2021-04-16 00:00:00.000000','2021-04-16 17:00:00.000000','2021-04-16 18:00:00.000000','2021-04-16 14:46:18.000000','2021-04-16 14:46:18.000000',27,0),
(594,'2021-04-16 00:00:00.000000','2021-04-16 18:00:00.000000','2021-04-16 19:00:00.000000','2021-04-16 14:46:18.000000','2021-04-16 14:46:18.000000',27,0),
(595,'2021-04-16 00:00:00.000000','2021-04-16 19:00:00.000000','2021-04-16 20:00:00.000000','2021-04-16 14:46:19.000000','2021-04-16 14:46:19.000000',27,0),
(596,'2021-04-17 00:00:00.000000','2021-04-17 08:00:00.000000','2021-04-17 09:00:00.000000','2021-04-16 14:46:20.000000','2021-04-16 14:46:20.000000',27,0),
(597,'2021-04-17 00:00:00.000000','2021-04-17 09:00:00.000000','2021-04-17 10:00:00.000000','2021-04-16 14:46:21.000000','2021-04-16 14:46:21.000000',27,0),
(598,'2021-04-17 00:00:00.000000','2021-04-17 10:00:00.000000','2021-04-17 11:00:00.000000','2021-04-16 14:46:22.000000','2021-04-16 14:46:22.000000',27,0),
(599,'2021-04-17 00:00:00.000000','2021-04-17 11:00:00.000000','2021-04-17 12:00:00.000000','2021-04-16 14:46:23.000000','2021-04-16 14:46:23.000000',27,0),
(600,'2021-04-17 00:00:00.000000','2021-04-17 12:00:00.000000','2021-04-17 13:00:00.000000','2021-04-16 14:46:23.000000','2021-04-16 14:46:23.000000',27,0),
(601,'2021-04-17 00:00:00.000000','2021-04-17 13:00:00.000000','2021-04-17 14:00:00.000000','2021-04-16 14:46:24.000000','2021-04-16 14:46:24.000000',27,0),
(602,'2021-04-17 00:00:00.000000','2021-04-17 14:00:00.000000','2021-04-17 15:00:00.000000','2021-04-16 14:46:25.000000','2021-04-16 14:46:25.000000',27,0),
(603,'2021-04-17 00:00:00.000000','2021-04-17 15:00:00.000000','2021-04-17 16:00:00.000000','2021-04-16 14:46:26.000000','2021-04-16 14:46:26.000000',27,0),
(604,'2021-04-26 00:00:00.000000','2021-04-26 08:00:00.000000','2021-04-26 09:00:00.000000','2021-04-26 08:11:53.000000','2021-04-26 08:12:07.000000',7,1),
(605,'2021-04-26 00:00:00.000000','2021-04-26 09:00:00.000000','2021-04-26 10:00:00.000000','2021-04-26 08:11:53.000000','2021-04-26 08:12:07.000000',7,1),
(606,'2021-04-26 00:00:00.000000','2021-04-26 10:00:00.000000','2021-04-26 11:00:00.000000','2021-04-26 08:11:53.000000','2021-04-26 08:11:53.000000',7,0),
(607,'2021-04-26 00:00:00.000000','2021-04-26 11:00:00.000000','2021-04-26 12:00:00.000000','2021-04-26 08:11:53.000000','2021-04-26 08:11:53.000000',7,0),
(608,'2021-04-26 00:00:00.000000','2021-04-26 12:00:00.000000','2021-04-26 13:00:00.000000','2021-04-26 08:11:53.000000','2021-04-26 08:11:53.000000',7,0),
(609,'2021-04-26 00:00:00.000000','2021-04-26 13:00:00.000000','2021-04-26 14:00:00.000000','2021-04-26 08:11:53.000000','2021-04-26 08:11:53.000000',7,0),
(610,'2021-04-26 00:00:00.000000','2021-04-26 14:00:00.000000','2021-04-26 15:00:00.000000','2021-04-26 08:11:53.000000','2021-04-26 08:11:53.000000',7,0),
(611,'2021-04-26 00:00:00.000000','2021-04-26 15:00:00.000000','2021-04-26 16:00:00.000000','2021-04-26 08:11:53.000000','2021-04-26 08:11:53.000000',7,0),
(612,'2021-04-26 00:00:00.000000','2021-04-26 16:00:00.000000','2021-04-26 17:00:00.000000','2021-04-26 08:11:53.000000','2021-04-26 08:11:53.000000',7,0),
(613,'2021-04-26 00:00:00.000000','2021-04-26 17:00:00.000000','2021-04-26 18:00:00.000000','2021-04-26 08:11:53.000000','2021-04-26 08:11:53.000000',7,0),
(614,'2021-04-26 00:00:00.000000','2021-04-26 18:00:00.000000','2021-04-26 19:00:00.000000','2021-04-26 08:11:53.000000','2021-04-26 08:11:53.000000',7,0),
(615,'2021-04-26 00:00:00.000000','2021-04-26 19:00:00.000000','2021-04-26 20:00:00.000000','2021-04-26 08:11:53.000000','2021-04-26 08:11:53.000000',7,0),
(616,'2021-04-27 00:00:00.000000','2021-04-27 08:00:00.000000','2021-04-27 09:00:00.000000','2021-04-26 08:11:53.000000','2021-04-26 08:11:53.000000',7,0),
(617,'2021-04-27 00:00:00.000000','2021-04-27 09:00:00.000000','2021-04-27 10:00:00.000000','2021-04-26 08:11:53.000000','2021-04-26 08:12:07.000000',7,1),
(618,'2021-04-27 00:00:00.000000','2021-04-27 10:00:00.000000','2021-04-27 11:00:00.000000','2021-04-26 08:11:53.000000','2021-04-26 08:12:07.000000',7,1),
(619,'2021-04-27 00:00:00.000000','2021-04-27 11:00:00.000000','2021-04-27 12:00:00.000000','2021-04-26 08:11:53.000000','2021-04-26 08:11:53.000000',7,0),
(620,'2021-04-27 00:00:00.000000','2021-04-27 12:00:00.000000','2021-04-27 13:00:00.000000','2021-04-26 08:11:53.000000','2021-04-26 08:11:53.000000',7,0),
(621,'2021-04-27 00:00:00.000000','2021-04-27 13:00:00.000000','2021-04-27 14:00:00.000000','2021-04-26 08:11:53.000000','2021-04-26 08:11:53.000000',7,0),
(622,'2021-04-27 00:00:00.000000','2021-04-27 14:00:00.000000','2021-04-27 15:00:00.000000','2021-04-26 08:11:53.000000','2021-04-26 08:11:53.000000',7,0),
(623,'2021-04-27 00:00:00.000000','2021-04-27 15:00:00.000000','2021-04-27 16:00:00.000000','2021-04-26 08:11:53.000000','2021-04-26 08:11:53.000000',7,0),
(624,'2021-04-27 00:00:00.000000','2021-04-27 16:00:00.000000','2021-04-27 17:00:00.000000','2021-04-26 08:11:53.000000','2021-04-26 08:11:53.000000',7,0),
(625,'2021-04-27 00:00:00.000000','2021-04-27 17:00:00.000000','2021-04-27 18:00:00.000000','2021-04-26 08:11:53.000000','2021-04-26 08:11:53.000000',7,0),
(626,'2021-04-27 00:00:00.000000','2021-04-27 18:00:00.000000','2021-04-27 19:00:00.000000','2021-04-26 08:11:53.000000','2021-04-26 08:11:53.000000',7,0),
(627,'2021-04-27 00:00:00.000000','2021-04-27 19:00:00.000000','2021-04-27 20:00:00.000000','2021-04-26 08:11:53.000000','2021-04-26 08:11:53.000000',7,0),
(628,'2021-04-28 00:00:00.000000','2021-04-28 08:00:00.000000','2021-04-28 09:00:00.000000','2021-04-26 08:11:53.000000','2021-04-26 08:11:53.000000',7,0),
(629,'2021-04-28 00:00:00.000000','2021-04-28 09:00:00.000000','2021-04-28 10:00:00.000000','2021-04-26 08:11:53.000000','2021-04-26 08:11:53.000000',7,0),
(630,'2021-04-28 00:00:00.000000','2021-04-28 10:00:00.000000','2021-04-28 11:00:00.000000','2021-04-26 08:11:53.000000','2021-04-26 08:11:53.000000',7,0),
(631,'2021-04-28 00:00:00.000000','2021-04-28 11:00:00.000000','2021-04-28 12:00:00.000000','2021-04-26 08:11:53.000000','2021-04-26 08:12:07.000000',7,1),
(632,'2021-04-28 00:00:00.000000','2021-04-28 12:00:00.000000','2021-04-28 13:00:00.000000','2021-04-26 08:11:53.000000','2021-04-26 08:12:07.000000',7,1),
(633,'2021-04-28 00:00:00.000000','2021-04-28 13:00:00.000000','2021-04-28 14:00:00.000000','2021-04-26 08:11:53.000000','2021-04-26 08:11:53.000000',7,0),
(634,'2021-04-28 00:00:00.000000','2021-04-28 14:00:00.000000','2021-04-28 15:00:00.000000','2021-04-26 08:11:53.000000','2021-04-26 08:11:53.000000',7,0),
(635,'2021-04-28 00:00:00.000000','2021-04-28 15:00:00.000000','2021-04-28 16:00:00.000000','2021-04-26 08:11:53.000000','2021-04-26 08:11:53.000000',7,0),
(636,'2021-04-28 00:00:00.000000','2021-04-28 16:00:00.000000','2021-04-28 17:00:00.000000','2021-04-26 08:11:53.000000','2021-04-26 08:11:53.000000',7,0),
(637,'2021-04-28 00:00:00.000000','2021-04-28 17:00:00.000000','2021-04-28 18:00:00.000000','2021-04-26 08:11:53.000000','2021-04-26 08:11:53.000000',7,0),
(638,'2021-04-28 00:00:00.000000','2021-04-28 18:00:00.000000','2021-04-28 19:00:00.000000','2021-04-26 08:11:53.000000','2021-04-26 08:11:53.000000',7,0),
(639,'2021-04-28 00:00:00.000000','2021-04-28 19:00:00.000000','2021-04-28 20:00:00.000000','2021-04-26 08:11:53.000000','2021-04-26 08:11:53.000000',7,0),
(640,'2021-04-29 00:00:00.000000','2021-04-29 08:00:00.000000','2021-04-29 09:00:00.000000','2021-04-26 08:11:53.000000','2021-04-26 08:11:53.000000',7,0),
(641,'2021-04-29 00:00:00.000000','2021-04-29 09:00:00.000000','2021-04-29 10:00:00.000000','2021-04-26 08:11:53.000000','2021-04-26 08:11:53.000000',7,0),
(642,'2021-04-29 00:00:00.000000','2021-04-29 10:00:00.000000','2021-04-29 11:00:00.000000','2021-04-26 08:11:53.000000','2021-04-26 08:11:53.000000',7,0),
(643,'2021-04-29 00:00:00.000000','2021-04-29 11:00:00.000000','2021-04-29 12:00:00.000000','2021-04-26 08:11:53.000000','2021-04-26 08:11:53.000000',7,0),
(644,'2021-04-29 00:00:00.000000','2021-04-29 12:00:00.000000','2021-04-29 13:00:00.000000','2021-04-26 08:11:53.000000','2021-04-26 08:11:53.000000',7,0),
(645,'2021-04-29 00:00:00.000000','2021-04-29 13:00:00.000000','2021-04-29 14:00:00.000000','2021-04-26 08:11:53.000000','2021-04-26 08:12:07.000000',7,1),
(646,'2021-04-29 00:00:00.000000','2021-04-29 14:00:00.000000','2021-04-29 15:00:00.000000','2021-04-26 08:11:53.000000','2021-04-26 08:12:07.000000',7,1),
(647,'2021-04-29 00:00:00.000000','2021-04-29 15:00:00.000000','2021-04-29 16:00:00.000000','2021-04-26 08:11:53.000000','2021-04-26 08:11:53.000000',7,0),
(648,'2021-04-29 00:00:00.000000','2021-04-29 16:00:00.000000','2021-04-29 17:00:00.000000','2021-04-26 08:11:53.000000','2021-04-26 08:11:53.000000',7,0),
(649,'2021-04-29 00:00:00.000000','2021-04-29 17:00:00.000000','2021-04-29 18:00:00.000000','2021-04-26 08:11:54.000000','2021-04-26 08:11:54.000000',7,0),
(650,'2021-04-29 00:00:00.000000','2021-04-29 18:00:00.000000','2021-04-29 19:00:00.000000','2021-04-26 08:11:54.000000','2021-04-26 08:11:54.000000',7,0),
(651,'2021-04-29 00:00:00.000000','2021-04-29 19:00:00.000000','2021-04-29 20:00:00.000000','2021-04-26 08:11:54.000000','2021-04-26 08:11:54.000000',7,0),
(652,'2021-04-30 00:00:00.000000','2021-04-30 08:00:00.000000','2021-04-30 09:00:00.000000','2021-04-26 08:11:54.000000','2021-04-26 08:11:54.000000',7,0),
(653,'2021-04-30 00:00:00.000000','2021-04-30 09:00:00.000000','2021-04-30 10:00:00.000000','2021-04-26 08:11:54.000000','2021-04-26 08:11:54.000000',7,0),
(654,'2021-04-30 00:00:00.000000','2021-04-30 10:00:00.000000','2021-04-30 11:00:00.000000','2021-04-26 08:11:54.000000','2021-04-26 08:11:54.000000',7,0),
(655,'2021-04-30 00:00:00.000000','2021-04-30 11:00:00.000000','2021-04-30 12:00:00.000000','2021-04-26 08:11:54.000000','2021-04-26 08:11:54.000000',7,0),
(656,'2021-04-30 00:00:00.000000','2021-04-30 12:00:00.000000','2021-04-30 13:00:00.000000','2021-04-26 08:11:54.000000','2021-04-26 08:11:54.000000',7,0),
(657,'2021-04-30 00:00:00.000000','2021-04-30 13:00:00.000000','2021-04-30 14:00:00.000000','2021-04-26 08:11:54.000000','2021-04-26 08:11:54.000000',7,0),
(658,'2021-04-30 00:00:00.000000','2021-04-30 14:00:00.000000','2021-04-30 15:00:00.000000','2021-04-26 08:11:54.000000','2021-04-26 08:11:54.000000',7,0),
(659,'2021-04-30 00:00:00.000000','2021-04-30 15:00:00.000000','2021-04-30 16:00:00.000000','2021-04-26 08:11:54.000000','2021-04-26 08:12:07.000000',7,1),
(660,'2021-04-30 00:00:00.000000','2021-04-30 16:00:00.000000','2021-04-30 17:00:00.000000','2021-04-26 08:11:54.000000','2021-04-26 08:12:07.000000',7,1),
(661,'2021-04-30 00:00:00.000000','2021-04-30 17:00:00.000000','2021-04-30 18:00:00.000000','2021-04-26 08:11:54.000000','2021-04-26 08:11:54.000000',7,0),
(662,'2021-04-30 00:00:00.000000','2021-04-30 18:00:00.000000','2021-04-30 19:00:00.000000','2021-04-26 08:11:54.000000','2021-04-26 08:11:54.000000',7,0),
(663,'2021-04-30 00:00:00.000000','2021-04-30 19:00:00.000000','2021-04-30 20:00:00.000000','2021-04-26 08:11:54.000000','2021-04-26 08:11:54.000000',7,0),
(664,'2021-05-01 00:00:00.000000','2021-05-01 08:00:00.000000','2021-05-01 09:00:00.000000','2021-04-26 08:11:54.000000','2021-04-26 08:11:54.000000',7,0),
(665,'2021-05-01 00:00:00.000000','2021-05-01 09:00:00.000000','2021-05-01 10:00:00.000000','2021-04-26 08:11:54.000000','2021-04-26 08:11:54.000000',7,0),
(666,'2021-05-01 00:00:00.000000','2021-05-01 10:00:00.000000','2021-05-01 11:00:00.000000','2021-04-26 08:11:54.000000','2021-04-26 08:11:54.000000',7,0),
(667,'2021-05-01 00:00:00.000000','2021-05-01 11:00:00.000000','2021-05-01 12:00:00.000000','2021-04-26 08:11:54.000000','2021-04-26 08:11:54.000000',7,0),
(668,'2021-05-01 00:00:00.000000','2021-05-01 12:00:00.000000','2021-05-01 13:00:00.000000','2021-04-26 08:11:54.000000','2021-04-26 08:11:54.000000',7,0),
(669,'2021-05-01 00:00:00.000000','2021-05-01 13:00:00.000000','2021-05-01 14:00:00.000000','2021-04-26 08:11:54.000000','2021-04-26 08:11:54.000000',7,0),
(670,'2021-05-01 00:00:00.000000','2021-05-01 14:00:00.000000','2021-05-01 15:00:00.000000','2021-04-26 08:11:54.000000','2021-04-26 08:11:54.000000',7,0),
(671,'2021-05-01 00:00:00.000000','2021-05-01 15:00:00.000000','2021-05-01 16:00:00.000000','2021-04-26 08:11:54.000000','2021-04-26 08:11:54.000000',7,0),
(672,'2021-05-01 00:00:00.000000','2021-05-01 16:00:00.000000','2021-05-01 17:00:00.000000','2021-04-26 08:11:54.000000','2021-04-26 08:12:07.000000',7,1),
(673,'2021-05-01 00:00:00.000000','2021-05-01 17:00:00.000000','2021-05-01 18:00:00.000000','2021-04-26 08:11:54.000000','2021-04-26 08:12:07.000000',7,1),
(674,'2021-05-01 00:00:00.000000','2021-05-01 18:00:00.000000','2021-05-01 19:00:00.000000','2021-04-26 08:11:54.000000','2021-04-26 08:11:54.000000',7,0),
(675,'2021-05-01 00:00:00.000000','2021-05-01 19:00:00.000000','2021-05-01 20:00:00.000000','2021-04-26 08:11:54.000000','2021-04-26 08:11:54.000000',7,0),
(676,'2021-05-02 00:00:00.000000','2021-05-02 08:00:00.000000','2021-05-02 09:00:00.000000','2021-04-26 08:11:54.000000','2021-04-26 08:11:54.000000',7,0),
(677,'2021-05-02 00:00:00.000000','2021-05-02 09:00:00.000000','2021-05-02 10:00:00.000000','2021-04-26 08:11:54.000000','2021-04-26 08:11:54.000000',7,0),
(678,'2021-05-02 00:00:00.000000','2021-05-02 10:00:00.000000','2021-05-02 11:00:00.000000','2021-04-26 08:11:54.000000','2021-04-26 08:11:54.000000',7,0),
(679,'2021-05-02 00:00:00.000000','2021-05-02 11:00:00.000000','2021-05-02 12:00:00.000000','2021-04-26 08:11:54.000000','2021-04-26 08:11:54.000000',7,0),
(680,'2021-05-02 00:00:00.000000','2021-05-02 12:00:00.000000','2021-05-02 13:00:00.000000','2021-04-26 08:11:54.000000','2021-04-26 08:11:54.000000',7,0),
(681,'2021-05-02 00:00:00.000000','2021-05-02 13:00:00.000000','2021-05-02 14:00:00.000000','2021-04-26 08:11:54.000000','2021-04-26 08:11:54.000000',7,0),
(682,'2021-05-02 00:00:00.000000','2021-05-02 14:00:00.000000','2021-05-02 15:00:00.000000','2021-04-26 08:11:54.000000','2021-04-26 08:11:54.000000',7,0),
(683,'2021-05-02 00:00:00.000000','2021-05-02 15:00:00.000000','2021-05-02 16:00:00.000000','2021-04-26 08:11:54.000000','2021-04-26 08:11:54.000000',7,0),
(684,'2021-05-02 00:00:00.000000','2021-05-02 16:00:00.000000','2021-05-02 17:00:00.000000','2021-04-26 08:11:54.000000','2021-04-26 08:11:54.000000',7,0),
(685,'2021-05-02 00:00:00.000000','2021-05-02 17:00:00.000000','2021-05-02 18:00:00.000000','2021-04-26 08:11:54.000000','2021-04-26 08:11:54.000000',7,0),
(686,'2021-05-02 00:00:00.000000','2021-05-02 18:00:00.000000','2021-05-02 19:00:00.000000','2021-04-26 08:11:54.000000','2021-04-26 08:12:07.000000',7,1),
(687,'2021-05-02 00:00:00.000000','2021-05-02 19:00:00.000000','2021-05-02 20:00:00.000000','2021-04-26 08:11:54.000000','2021-04-26 08:12:07.000000',7,1),
(688,'2021-04-26 00:00:00.000000','2021-04-26 08:00:00.000000','2021-04-26 09:00:00.000000','2021-04-26 08:13:36.000000','2021-04-26 08:13:45.000000',36,1),
(689,'2021-04-26 00:00:00.000000','2021-04-26 09:00:00.000000','2021-04-26 10:00:00.000000','2021-04-26 08:13:36.000000','2021-04-26 08:13:45.000000',36,1),
(690,'2021-04-26 00:00:00.000000','2021-04-26 10:00:00.000000','2021-04-26 11:00:00.000000','2021-04-26 08:13:36.000000','2021-04-26 08:13:36.000000',36,0),
(691,'2021-04-26 00:00:00.000000','2021-04-26 11:00:00.000000','2021-04-26 12:00:00.000000','2021-04-26 08:13:36.000000','2021-04-26 08:13:36.000000',36,0),
(692,'2021-04-26 00:00:00.000000','2021-04-26 12:00:00.000000','2021-04-26 13:00:00.000000','2021-04-26 08:13:36.000000','2021-04-26 08:13:36.000000',36,0),
(693,'2021-04-26 00:00:00.000000','2021-04-26 13:00:00.000000','2021-04-26 14:00:00.000000','2021-04-26 08:13:36.000000','2021-04-26 08:13:36.000000',36,0),
(694,'2021-04-26 00:00:00.000000','2021-04-26 14:00:00.000000','2021-04-26 15:00:00.000000','2021-04-26 08:13:36.000000','2021-04-26 08:13:36.000000',36,0),
(695,'2021-04-26 00:00:00.000000','2021-04-26 15:00:00.000000','2021-04-26 16:00:00.000000','2021-04-26 08:13:36.000000','2021-04-26 08:13:36.000000',36,0),
(696,'2021-04-26 00:00:00.000000','2021-04-26 16:00:00.000000','2021-04-26 17:00:00.000000','2021-04-26 08:13:36.000000','2021-04-26 08:13:36.000000',36,0),
(697,'2021-04-26 00:00:00.000000','2021-04-26 17:00:00.000000','2021-04-26 18:00:00.000000','2021-04-26 08:13:36.000000','2021-04-26 08:13:36.000000',36,0),
(698,'2021-04-26 00:00:00.000000','2021-04-26 18:00:00.000000','2021-04-26 19:00:00.000000','2021-04-26 08:13:36.000000','2021-04-26 08:13:36.000000',36,0),
(699,'2021-04-26 00:00:00.000000','2021-04-26 19:00:00.000000','2021-04-26 20:00:00.000000','2021-04-26 08:13:36.000000','2021-04-26 08:13:36.000000',36,0),
(700,'2021-04-27 00:00:00.000000','2021-04-27 08:00:00.000000','2021-04-27 09:00:00.000000','2021-04-26 08:13:36.000000','2021-04-26 08:13:36.000000',36,0),
(701,'2021-04-27 00:00:00.000000','2021-04-27 09:00:00.000000','2021-04-27 10:00:00.000000','2021-04-26 08:13:36.000000','2021-04-26 08:13:36.000000',36,0),
(702,'2021-04-27 00:00:00.000000','2021-04-27 10:00:00.000000','2021-04-27 11:00:00.000000','2021-04-26 08:13:36.000000','2021-04-26 08:13:46.000000',36,1),
(703,'2021-04-27 00:00:00.000000','2021-04-27 11:00:00.000000','2021-04-27 12:00:00.000000','2021-04-26 08:13:36.000000','2021-04-26 08:13:46.000000',36,1),
(704,'2021-04-27 00:00:00.000000','2021-04-27 12:00:00.000000','2021-04-27 13:00:00.000000','2021-04-26 08:13:36.000000','2021-04-26 08:13:36.000000',36,0),
(705,'2021-04-27 00:00:00.000000','2021-04-27 13:00:00.000000','2021-04-27 14:00:00.000000','2021-04-26 08:13:36.000000','2021-04-26 08:13:36.000000',36,0),
(706,'2021-04-27 00:00:00.000000','2021-04-27 14:00:00.000000','2021-04-27 15:00:00.000000','2021-04-26 08:13:36.000000','2021-04-26 08:13:36.000000',36,0),
(707,'2021-04-27 00:00:00.000000','2021-04-27 15:00:00.000000','2021-04-27 16:00:00.000000','2021-04-26 08:13:36.000000','2021-04-26 08:13:36.000000',36,0),
(708,'2021-04-27 00:00:00.000000','2021-04-27 16:00:00.000000','2021-04-27 17:00:00.000000','2021-04-26 08:13:36.000000','2021-04-26 08:13:36.000000',36,0),
(709,'2021-04-27 00:00:00.000000','2021-04-27 17:00:00.000000','2021-04-27 18:00:00.000000','2021-04-26 08:13:36.000000','2021-04-26 08:13:36.000000',36,0),
(710,'2021-04-27 00:00:00.000000','2021-04-27 18:00:00.000000','2021-04-27 19:00:00.000000','2021-04-26 08:13:36.000000','2021-04-26 08:13:36.000000',36,0),
(711,'2021-04-27 00:00:00.000000','2021-04-27 19:00:00.000000','2021-04-27 20:00:00.000000','2021-04-26 08:13:36.000000','2021-04-26 08:13:36.000000',36,0),
(712,'2021-04-28 00:00:00.000000','2021-04-28 08:00:00.000000','2021-04-28 09:00:00.000000','2021-04-26 08:13:36.000000','2021-04-26 08:13:36.000000',36,0),
(713,'2021-04-28 00:00:00.000000','2021-04-28 09:00:00.000000','2021-04-28 10:00:00.000000','2021-04-26 08:13:36.000000','2021-04-26 08:13:36.000000',36,0),
(714,'2021-04-28 00:00:00.000000','2021-04-28 10:00:00.000000','2021-04-28 11:00:00.000000','2021-04-26 08:13:36.000000','2021-04-26 08:13:36.000000',36,0),
(715,'2021-04-28 00:00:00.000000','2021-04-28 11:00:00.000000','2021-04-28 12:00:00.000000','2021-04-26 08:13:36.000000','2021-04-26 08:13:46.000000',36,1),
(716,'2021-04-28 00:00:00.000000','2021-04-28 12:00:00.000000','2021-04-28 13:00:00.000000','2021-04-26 08:13:36.000000','2021-04-26 08:13:46.000000',36,1),
(717,'2021-04-28 00:00:00.000000','2021-04-28 13:00:00.000000','2021-04-28 14:00:00.000000','2021-04-26 08:13:36.000000','2021-04-26 08:13:36.000000',36,0),
(718,'2021-04-28 00:00:00.000000','2021-04-28 14:00:00.000000','2021-04-28 15:00:00.000000','2021-04-26 08:13:36.000000','2021-04-26 08:13:36.000000',36,0),
(719,'2021-04-28 00:00:00.000000','2021-04-28 15:00:00.000000','2021-04-28 16:00:00.000000','2021-04-26 08:13:36.000000','2021-04-26 08:13:36.000000',36,0),
(720,'2021-04-28 00:00:00.000000','2021-04-28 16:00:00.000000','2021-04-28 17:00:00.000000','2021-04-26 08:13:36.000000','2021-04-26 08:13:36.000000',36,0),
(721,'2021-04-28 00:00:00.000000','2021-04-28 17:00:00.000000','2021-04-28 18:00:00.000000','2021-04-26 08:13:36.000000','2021-04-26 08:13:36.000000',36,0),
(722,'2021-04-28 00:00:00.000000','2021-04-28 18:00:00.000000','2021-04-28 19:00:00.000000','2021-04-26 08:13:36.000000','2021-04-26 08:13:36.000000',36,0),
(723,'2021-04-28 00:00:00.000000','2021-04-28 19:00:00.000000','2021-04-28 20:00:00.000000','2021-04-26 08:13:36.000000','2021-04-26 08:13:36.000000',36,0),
(724,'2021-04-29 00:00:00.000000','2021-04-29 08:00:00.000000','2021-04-29 09:00:00.000000','2021-04-26 08:13:36.000000','2021-04-26 08:13:36.000000',36,0),
(725,'2021-04-29 00:00:00.000000','2021-04-29 09:00:00.000000','2021-04-29 10:00:00.000000','2021-04-26 08:13:36.000000','2021-04-26 08:13:36.000000',36,0),
(726,'2021-04-29 00:00:00.000000','2021-04-29 10:00:00.000000','2021-04-29 11:00:00.000000','2021-04-26 08:13:36.000000','2021-04-26 08:13:36.000000',36,0),
(727,'2021-04-29 00:00:00.000000','2021-04-29 11:00:00.000000','2021-04-29 12:00:00.000000','2021-04-26 08:13:36.000000','2021-04-26 08:13:36.000000',36,0),
(728,'2021-04-29 00:00:00.000000','2021-04-29 12:00:00.000000','2021-04-29 13:00:00.000000','2021-04-26 08:13:36.000000','2021-04-26 08:13:36.000000',36,0),
(729,'2021-04-29 00:00:00.000000','2021-04-29 13:00:00.000000','2021-04-29 14:00:00.000000','2021-04-26 08:13:36.000000','2021-04-26 08:13:46.000000',36,1),
(730,'2021-04-29 00:00:00.000000','2021-04-29 14:00:00.000000','2021-04-29 15:00:00.000000','2021-04-26 08:13:36.000000','2021-04-26 08:13:46.000000',36,1),
(731,'2021-04-29 00:00:00.000000','2021-04-29 15:00:00.000000','2021-04-29 16:00:00.000000','2021-04-26 08:13:36.000000','2021-04-26 08:13:36.000000',36,0),
(732,'2021-04-29 00:00:00.000000','2021-04-29 16:00:00.000000','2021-04-29 17:00:00.000000','2021-04-26 08:13:36.000000','2021-04-26 08:13:36.000000',36,0),
(733,'2021-04-29 00:00:00.000000','2021-04-29 17:00:00.000000','2021-04-29 18:00:00.000000','2021-04-26 08:13:36.000000','2021-04-26 08:13:36.000000',36,0),
(734,'2021-04-29 00:00:00.000000','2021-04-29 18:00:00.000000','2021-04-29 19:00:00.000000','2021-04-26 08:13:36.000000','2021-04-26 08:13:36.000000',36,0),
(735,'2021-04-29 00:00:00.000000','2021-04-29 19:00:00.000000','2021-04-29 20:00:00.000000','2021-04-26 08:13:36.000000','2021-04-26 08:13:36.000000',36,0),
(736,'2021-04-30 00:00:00.000000','2021-04-30 08:00:00.000000','2021-04-30 09:00:00.000000','2021-04-26 08:13:36.000000','2021-04-26 08:13:36.000000',36,0),
(737,'2021-04-30 00:00:00.000000','2021-04-30 09:00:00.000000','2021-04-30 10:00:00.000000','2021-04-26 08:13:36.000000','2021-04-26 08:13:36.000000',36,0),
(738,'2021-04-30 00:00:00.000000','2021-04-30 10:00:00.000000','2021-04-30 11:00:00.000000','2021-04-26 08:13:36.000000','2021-04-26 08:13:36.000000',36,0),
(739,'2021-04-30 00:00:00.000000','2021-04-30 11:00:00.000000','2021-04-30 12:00:00.000000','2021-04-26 08:13:37.000000','2021-04-26 08:13:37.000000',36,0),
(740,'2021-04-30 00:00:00.000000','2021-04-30 12:00:00.000000','2021-04-30 13:00:00.000000','2021-04-26 08:13:37.000000','2021-04-26 08:13:37.000000',36,0),
(741,'2021-04-30 00:00:00.000000','2021-04-30 13:00:00.000000','2021-04-30 14:00:00.000000','2021-04-26 08:13:37.000000','2021-04-26 08:13:37.000000',36,0),
(742,'2021-04-30 00:00:00.000000','2021-04-30 14:00:00.000000','2021-04-30 15:00:00.000000','2021-04-26 08:13:37.000000','2021-04-26 08:13:37.000000',36,0),
(743,'2021-04-30 00:00:00.000000','2021-04-30 15:00:00.000000','2021-04-30 16:00:00.000000','2021-04-26 08:13:37.000000','2021-04-26 08:13:46.000000',36,1),
(744,'2021-04-30 00:00:00.000000','2021-04-30 16:00:00.000000','2021-04-30 17:00:00.000000','2021-04-26 08:13:37.000000','2021-04-26 08:13:46.000000',36,1),
(745,'2021-04-30 00:00:00.000000','2021-04-30 17:00:00.000000','2021-04-30 18:00:00.000000','2021-04-26 08:13:37.000000','2021-04-26 08:13:37.000000',36,0),
(746,'2021-04-30 00:00:00.000000','2021-04-30 18:00:00.000000','2021-04-30 19:00:00.000000','2021-04-26 08:13:37.000000','2021-04-26 08:13:37.000000',36,0),
(747,'2021-04-30 00:00:00.000000','2021-04-30 19:00:00.000000','2021-04-30 20:00:00.000000','2021-04-26 08:13:37.000000','2021-04-26 08:13:37.000000',36,0),
(748,'2021-05-01 00:00:00.000000','2021-05-01 08:00:00.000000','2021-05-01 09:00:00.000000','2021-04-26 08:13:37.000000','2021-04-26 08:13:37.000000',36,0),
(749,'2021-05-01 00:00:00.000000','2021-05-01 09:00:00.000000','2021-05-01 10:00:00.000000','2021-04-26 08:13:37.000000','2021-04-26 08:13:37.000000',36,0),
(750,'2021-05-01 00:00:00.000000','2021-05-01 10:00:00.000000','2021-05-01 11:00:00.000000','2021-04-26 08:13:37.000000','2021-04-26 08:13:37.000000',36,0),
(751,'2021-05-01 00:00:00.000000','2021-05-01 11:00:00.000000','2021-05-01 12:00:00.000000','2021-04-26 08:13:37.000000','2021-04-26 08:13:37.000000',36,0),
(752,'2021-05-01 00:00:00.000000','2021-05-01 12:00:00.000000','2021-05-01 13:00:00.000000','2021-04-26 08:13:37.000000','2021-04-26 08:13:37.000000',36,0),
(753,'2021-05-01 00:00:00.000000','2021-05-01 13:00:00.000000','2021-05-01 14:00:00.000000','2021-04-26 08:13:37.000000','2021-04-26 08:13:37.000000',36,0),
(754,'2021-05-01 00:00:00.000000','2021-05-01 14:00:00.000000','2021-05-01 15:00:00.000000','2021-04-26 08:13:37.000000','2021-04-26 08:13:37.000000',36,0),
(755,'2021-05-01 00:00:00.000000','2021-05-01 15:00:00.000000','2021-05-01 16:00:00.000000','2021-04-26 08:13:37.000000','2021-04-26 08:13:37.000000',36,0),
(756,'2021-05-01 00:00:00.000000','2021-05-01 16:00:00.000000','2021-05-01 17:00:00.000000','2021-04-26 08:13:37.000000','2021-04-26 08:13:37.000000',36,0),
(757,'2021-05-01 00:00:00.000000','2021-05-01 17:00:00.000000','2021-05-01 18:00:00.000000','2021-04-26 08:13:37.000000','2021-04-26 08:13:46.000000',36,1),
(758,'2021-05-01 00:00:00.000000','2021-05-01 18:00:00.000000','2021-05-01 19:00:00.000000','2021-04-26 08:13:37.000000','2021-04-26 08:13:46.000000',36,1),
(759,'2021-05-01 00:00:00.000000','2021-05-01 19:00:00.000000','2021-05-01 20:00:00.000000','2021-04-26 08:13:37.000000','2021-04-26 08:13:37.000000',36,0),
(760,'2021-05-02 00:00:00.000000','2021-05-02 08:00:00.000000','2021-05-02 09:00:00.000000','2021-04-26 08:13:37.000000','2021-04-26 08:13:37.000000',36,0),
(761,'2021-05-02 00:00:00.000000','2021-05-02 09:00:00.000000','2021-05-02 10:00:00.000000','2021-04-26 08:13:37.000000','2021-04-26 08:13:37.000000',36,0),
(762,'2021-05-02 00:00:00.000000','2021-05-02 10:00:00.000000','2021-05-02 11:00:00.000000','2021-04-26 08:13:37.000000','2021-04-26 08:13:37.000000',36,0),
(763,'2021-05-02 00:00:00.000000','2021-05-02 11:00:00.000000','2021-05-02 12:00:00.000000','2021-04-26 08:13:37.000000','2021-04-26 08:13:37.000000',36,0),
(764,'2021-05-02 00:00:00.000000','2021-05-02 12:00:00.000000','2021-05-02 13:00:00.000000','2021-04-26 08:13:37.000000','2021-04-26 08:13:37.000000',36,0),
(765,'2021-05-02 00:00:00.000000','2021-05-02 13:00:00.000000','2021-05-02 14:00:00.000000','2021-04-26 08:13:37.000000','2021-04-26 08:13:37.000000',36,0),
(766,'2021-05-02 00:00:00.000000','2021-05-02 14:00:00.000000','2021-05-02 15:00:00.000000','2021-04-26 08:13:37.000000','2021-04-26 08:13:37.000000',36,0),
(767,'2021-05-02 00:00:00.000000','2021-05-02 15:00:00.000000','2021-05-02 16:00:00.000000','2021-04-26 08:13:37.000000','2021-04-26 08:13:37.000000',36,0),
(768,'2021-05-02 00:00:00.000000','2021-05-02 16:00:00.000000','2021-05-02 17:00:00.000000','2021-04-26 08:13:37.000000','2021-04-26 08:13:37.000000',36,0),
(769,'2021-05-02 00:00:00.000000','2021-05-02 17:00:00.000000','2021-05-02 18:00:00.000000','2021-04-26 08:13:37.000000','2021-04-26 08:13:37.000000',36,0),
(770,'2021-05-02 00:00:00.000000','2021-05-02 18:00:00.000000','2021-05-02 19:00:00.000000','2021-04-26 08:13:37.000000','2021-04-26 08:13:46.000000',36,1),
(771,'2021-05-02 00:00:00.000000','2021-05-02 19:00:00.000000','2021-05-02 20:00:00.000000','2021-04-26 08:13:37.000000','2021-04-26 08:13:46.000000',36,1);

/*Table structure for table `users` */

DROP TABLE IF EXISTS `users`;

CREATE TABLE `users` (
  `id` bigint(20) unsigned NOT NULL AUTO_INCREMENT,
  `name` varchar(255) NOT NULL,
  `username` varchar(100) NOT NULL,
  `email` varchar(255) DEFAULT NULL,
  `password` varchar(100) NOT NULL,
  `phone` varchar(20) NOT NULL,
  `gender` varchar(10) NOT NULL,
  `created_at` datetime(6) NOT NULL DEFAULT CURRENT_TIMESTAMP(6),
  `updated_at` datetime(6) NOT NULL DEFAULT CURRENT_TIMESTAMP(6) ON UPDATE CURRENT_TIMESTAMP(6),
  `role_id` bigint(20) unsigned DEFAULT NULL,
  `birth_date` date NOT NULL,
  `profile_image` varchar(255) DEFAULT NULL,
  `city_id` bigint(20) unsigned DEFAULT NULL,
  `facebook_id` varchar(255) DEFAULT NULL,
  `specialist` varchar(255) DEFAULT NULL,
  `biography` text,
  PRIMARY KEY (`id`) USING BTREE,
  UNIQUE KEY `IDX_fe0bb3f6520ee0469504521e71` (`username`),
  UNIQUE KEY `IDX_a000cca60bcf04454e72769949` (`phone`),
  UNIQUE KEY `IDX_97672ac88f789774dd47f7c8be` (`email`),
  UNIQUE KEY `IDX_df199bc6e53abe32d64bbcf211` (`facebook_id`),
  KEY `FK_a2cecd1a3531c0b041e29ba46e1` (`role_id`),
  KEY `FK_03934bca2709003c5f08fd436d2` (`city_id`),
  CONSTRAINT `FK_03934bca2709003c5f08fd436d2` FOREIGN KEY (`city_id`) REFERENCES `cities` (`id`),
  CONSTRAINT `FK_a2cecd1a3531c0b041e29ba46e1` FOREIGN KEY (`role_id`) REFERENCES `roles` (`id`)
) ENGINE=InnoDB AUTO_INCREMENT=51 DEFAULT CHARSET=utf8mb4 COLLATE=utf8mb4_0900_ai_ci;

/*Data for the table `users` */

insert  into `users`(`id`,`name`,`username`,`email`,`password`,`phone`,`gender`,`created_at`,`updated_at`,`role_id`,`birth_date`,`profile_image`,`city_id`,`facebook_id`,`specialist`,`biography`) values 
(1,'Admin','admin','admin@gmail.com','$2b$10$7Y/TJgfg0ZaLBMrpVfJdlOFieRniweZozSx4eIXiux5NsDlw.yQs2','0899467737','male','2021-01-18 16:13:50.420589','2021-04-16 12:00:14.563043',1,'1999-08-22','https://encrypted-tbn0.gstatic.com/images?q=tbn:ANd9GcR_MnDKVv71-2xgMKfS4bl227tpW6s6dS3iGw&usqp=CAU',19,NULL,NULL,NULL),
(2,'Đỗ Trung Tín','tindt','tindt@gmail.com','$2b$10$JrK4yQDxjaR5Vcc5Sf67gOz5GGleBwHO6gyOf0mRYFJS.rVFArQUa','0912345678','male','2021-01-19 07:54:52.983745','2021-04-14 19:20:41.000000',1,'1999-08-22','https://storage.googleapis.com/profile-image-hunet-1/_l4bjov3u1k8.jpg',6,NULL,NULL,NULL),
(4,'Phan Tấn Phát','phatpt','phatpt@gmail.com','$2b$10$p0hUkFlntueVi8vQACWa0ekYv98n3OsbsgFH7wdM88x9kbQG8LcoS','0999467737','male','2021-02-03 19:16:47.563235','2021-04-18 14:49:25.284482',1,'2018-03-29','https://encrypted-tbn0.gstatic.com/images?q=tbn:ANd9GcTysPspbWy6p-L55-D7l4yXIfDn7FDiSvrw7g&usqp=CAU',1,'2958736261022536',NULL,NULL),
(6,'Phan Minh Đức','ducpm','ducpm@gmail.com','$2b$10$7Y/TJgfg0ZaLBMrpVfJdlOFieRniweZozSx4eIXiux5NsDlw.yQs2','0234293344','male','2021-03-08 08:23:44.125745','2021-04-15 08:38:33.280091',2,'2021-02-09','https://storage.googleapis.com/profile-image-hunet-1/_a7mfphrefmt.jpg',2,'234325235235253','Chuyên khoa da liễu','Bác sĩ chuyên khoa 1, Bệnh viện Da liễu TP Cần Thơ'),
(7,'Lý Dương','duongl','duongl@gmail.com','$2b$10$7Y/TJgfg0ZaLBMrpVfJdlOFieRniweZozSx4eIXiux5NsDlw.yQs2','0113113113','Male','2021-03-08 08:25:23.317343','2021-04-16 09:11:20.042064',2,'1999-02-09','https://encrypted-tbn0.gstatic.com/images?q=tbn:ANd9GcRW7t8Rh8KurDZgaK8uQ_VYuESMuIvGRDom3A&usqp=CAU',2,'1423423423423423','Chuyên khoa da liễu','Bác sĩ chuyên khoa 2'),
(8,'Huỳnh Tấn Phát','phatht','phatht@gmail.com','$2b$10$7Y/TJgfg0ZaLBMrpVfJdlOFieRniweZozSx4eIXiux5NsDlw.yQs2','0121244445','male','2021-03-08 08:42:40.215396','2021-03-08 08:43:55.791924',4,'2002-05-10',NULL,7,'124293495',NULL,NULL),
(9,'Đỗ Đức Huy Hùng','hungddh','hung@gmail.com','$2b$10$7Y/TJgfg0ZaLBMrpVfJdlOFieRniweZozSx4eIXiux5NsDlw.yQs2','0123441245','female','2021-03-08 08:43:41.136325','2021-03-08 08:43:56.937886',3,'1999-06-08',NULL,17,'324234235',NULL,NULL),
(10,'Lê Đức An','anld','anld@gmail.com','$2b$10$7Y/TJgfg0ZaLBMrpVfJdlOFieRniweZozSx4eIXiux5NsDlw.yQs2','0234234255','male','2021-03-08 08:44:58.185879','2021-03-08 08:44:58.185879',3,'2003-03-10',NULL,20,'131241444',NULL,NULL),
(11,'Lê An Nhiên','nhienla','nhien@gmail.com','$2b$10$7Y/TJgfg0ZaLBMrpVfJdlOFieRniweZozSx4eIXiux5NsDlw.yQs2','0234023495','female','2021-03-08 08:46:31.236716','2021-03-08 08:46:31.236716',4,'1988-05-05',NULL,30,'131244125',NULL,NULL),
(12,'Hùng','Hungndh','Hungndh@gmail.com','$2b$10$a3s2JYv5aGkfw1zMfO9A3O9PBkk6QYf7yTGe7adgrPyT4QvsKPypS','0981111111','Female','2021-04-09 08:59:16.118290','2021-04-09 08:59:16.118290',1,'2021-09-04',NULL,9,NULL,NULL,NULL),
(13,'Huỳnh Minh Mẫn','Manhm','manhm@gmail.com','$2b$10$a3s2JYv5aGkfw1zMfO9A3O9PBkk6QYf7yTGe7adgrPyT4QvsKPyp2','0982322111','Male','2021-04-11 16:05:01.090513','2021-04-11 16:05:39.250083',2,'1999-08-26',NULL,7,NULL,'Chuyên khoa da liễu',NULL),
(14,'Nguyễn Thị Như Quỳnh','Quynhkgkg','abcd@gmail.com','$2b$10$7Y/TJgfg0ZaLBMrpVfJdlOFieRniweZozSx4eIXiux5NsDlw.yQs2','0342933400','Female','2021-01-08 20:58:15.000000','2021-04-18 14:15:30.865243',2,'1999-01-08',NULL,2,NULL,'Chuyên khoa da liễu','Bác sĩ VIP 1'),
(15,'Lê Hoàng Quân','Quanlh','vmillhill0@princeton.edu','$2b$10$7Y/TJgfg0ZaLBMrpVfJdlOFieRniweZozSx4eIXiux5NsDlw.yQs2','0101198686','Male','2021-01-08 20:58:15.000000','2021-04-18 14:14:32.050690',2,'1999-01-08',NULL,2,NULL,'Chuyên khoa da liễu','Bác sĩ VIP 1'),
(16,'Đinh Văn Phượng','VanPhuong','spottie1@berkeley.edu','$2b$10$7Y/TJgfg0ZaLBMrpVfJdlOFieRniweZozSx4eIXiux5NsDlw.yQs2','0322472646','Female','2021-01-08 20:58:15.000000','2021-04-18 14:14:28.267044',2,'1999-01-08',NULL,2,NULL,'Chuyên khoa da liễu','Bác sĩ VIP 1'),
(17,'Nguyễn Echam Samuel','SamueNguyen','klackmann2@over-blog.com','$2b$10$7Y/TJgfg0ZaLBMrpVfJdlOFieRniweZozSx4eIXiux5NsDlw.yQs2','0192988655','Male','2021-01-08 20:58:15.000000','2021-04-18 14:14:36.716942',2,'1999-01-08',NULL,2,NULL,'Chuyên khoa da liễu','Bác sĩ VIP 1'),
(18,'Nguyễn Xuân Sang','xuannguyen','amowat3@ed.gov','$2b$10$7Y/TJgfg0ZaLBMrpVfJdlOFieRniweZozSx4eIXiux5NsDlw.yQs2','0968661823','Female','2021-01-08 20:58:15.000000','2021-04-18 14:14:41.397987',2,'1999-01-08',NULL,2,NULL,'Chuyên khoa da liễu','Bác sĩ VIP 1'),
(19,'Lê Phú Quý','quyle1977','amaccrie4@amazonaws.com','$2b$10$7Y/TJgfg0ZaLBMrpVfJdlOFieRniweZozSx4eIXiux5NsDlw.yQs2','0582060411','Female','2021-01-08 20:58:15.000000','2021-04-18 14:14:44.454941',2,'1999-01-08',NULL,2,NULL,'Chuyên khoa da liễu','Bác sĩ VIP 1'),
(20,'Lý Quốc Quyền','quyenly556','kacuna5@slate.com','$2b$10$7Y/TJgfg0ZaLBMrpVfJdlOFieRniweZozSx4eIXiux5NsDlw.yQs2','0326371932','Female','2021-01-08 20:58:15.000000','2021-04-18 14:14:47.339204',2,'1999-01-08',NULL,2,NULL,'Chuyên khoa da liễu','Bác sĩ VIP 1'),
(21,'Bùi Minh Quân','quanbm13','ddomone6@naver.com','$2b$10$7Y/TJgfg0ZaLBMrpVfJdlOFieRniweZozSx4eIXiux5NsDlw.yQs2','0126475462','Female','2021-01-08 20:58:15.000000','2021-04-18 14:14:52.381235',2,'1999-01-08',NULL,2,NULL,'Chuyên khoa da liễu','Bác sĩ VIP 1'),
(22,'Nguyễn Ngọc Sơn','ngocson15','theardman7@smh.com.au','$2b$10$7Y/TJgfg0ZaLBMrpVfJdlOFieRniweZozSx4eIXiux5NsDlw.yQs2','0363354506','Male','2021-01-08 20:58:15.000000','2021-04-18 14:14:54.540264',2,'1999-01-08',NULL,2,NULL,'Chuyên khoa da liễu','Bác sĩ VIP 1'),
(23,'Bùi Duy Qúy','buiduyquy','sgerran8@scribd.com','$2b$10$7Y/TJgfg0ZaLBMrpVfJdlOFieRniweZozSx4eIXiux5NsDlw.yQs2','0233106979','Female','2021-01-08 20:58:15.000000','2021-04-18 14:14:57.126414',2,'1999-01-08',NULL,2,NULL,'Chuyên khoa da liễu','Bác sĩ VIP 1'),
(24,'Võ Hoàng Phương','hoangphuongvo','kklimus9@usda.gov','$2b$10$7Y/TJgfg0ZaLBMrpVfJdlOFieRniweZozSx4eIXiux5NsDlw.yQs2','0528135249','Male','2021-01-08 20:58:15.000000','2021-04-18 14:14:59.242417',2,'1999-01-08',NULL,2,NULL,'Chuyên khoa da liễu','Bác sĩ VIP 1'),
(25,'Trần Minh Phương','tranminhphuong','ncatteralla@wufoo.com','$2b$10$7Y/TJgfg0ZaLBMrpVfJdlOFieRniweZozSx4eIXiux5NsDlw.yQs2','0683508342','Male','2021-01-08 20:58:15.000000','2021-04-18 14:15:01.392518',2,'1999-01-08',NULL,2,NULL,'Chuyên khoa da liễu','Bác sĩ VIP 1'),
(26,'Phan Duy Quốc','phanduyquoc','cmcartb@reddit.com','$2b$10$7Y/TJgfg0ZaLBMrpVfJdlOFieRniweZozSx4eIXiux5NsDlw.yQs2','0151826389','Male','2021-01-08 20:58:15.000000','2021-04-18 14:15:03.456484',2,'1999-01-08',NULL,2,NULL,'Chuyên khoa da liễu','Bác sĩ VIP 1'),
(27,'Nguyễn Vũ Ngọc Quyên','quyennguyen','eledwidgec@google.com.hk','$2b$10$7Y/TJgfg0ZaLBMrpVfJdlOFieRniweZozSx4eIXiux5NsDlw.yQs2','0688608723','Female','2021-01-08 20:58:15.000000','2021-04-18 14:15:05.549477',2,'1999-01-08',NULL,2,NULL,'Chuyên khoa da liễu','Bác sĩ VIP 1'),
(28,'Trương Trọng Quân','trongquan17','rstuted@engadget.com','$2b$10$7Y/TJgfg0ZaLBMrpVfJdlOFieRniweZozSx4eIXiux5NsDlw.yQs2','0174839056','Male','2021-01-08 20:58:15.000000','2021-04-18 14:15:07.725807',2,'1999-01-08',NULL,2,NULL,'Chuyên khoa da liễu','Bác sĩ VIP 1'),
(29,'Phạm Minh Quân','minhquanpham','gswetlande@cdc.gov','$2b$10$7Y/TJgfg0ZaLBMrpVfJdlOFieRniweZozSx4eIXiux5NsDlw.yQs2','0923307201','Male','2021-01-08 20:58:15.000000','2021-04-18 14:15:09.500766',2,'1999-01-08',NULL,2,NULL,'Chuyên khoa da liễu','Bác sĩ VIP 1'),
(30,'Võ Thanh Sanh','vothanhsanh','nduggetf@bluehost.com','$2b$10$7Y/TJgfg0ZaLBMrpVfJdlOFieRniweZozSx4eIXiux5NsDlw.yQs2','0425218959','Male','2021-01-08 20:58:15.000000','2021-04-18 14:15:11.524698',2,'1999-01-08',NULL,2,NULL,'Chuyên khoa da liễu','Bác sĩ VIP 1'),
(31,'Nguyễn Minh Phương','nguyenminhphuong','edrakesg@yellowbook.com','$2b$10$7Y/TJgfg0ZaLBMrpVfJdlOFieRniweZozSx4eIXiux5NsDlw.yQs2','0258651981','Male','2021-01-08 20:58:15.000000','2021-04-18 14:15:15.989037',2,'1999-01-08',NULL,2,NULL,'Chuyên khoa da liễu','Bác sĩ VIP 1'),
(32,'Nguyễn Viết Sơn','sonnguyen1988','bcornwallh@telegraph.co.uk','$2b$10$7Y/TJgfg0ZaLBMrpVfJdlOFieRniweZozSx4eIXiux5NsDlw.yQs2','0442740854','Female','2021-01-08 20:58:15.000000','2021-04-18 14:15:17.933011',2,'1999-01-08',NULL,2,NULL,'Chuyên khoa da liễu','Bác sĩ VIP 1'),
(33,'Vũ Hoàng Hải Sơn','sonvu1986','arevitti@nba.com','$2b$10$7Y/TJgfg0ZaLBMrpVfJdlOFieRniweZozSx4eIXiux5NsDlw.yQs2','0821352542','Male','2021-01-08 20:58:15.000000','2021-04-18 14:15:19.793921',2,'1999-01-08',NULL,2,NULL,'Chuyên khoa da liễu','Bác sĩ VIP 1'),
(34,'Nguyễn Hải Sơn','sonnguyen1085','settelsj@about.com','$2b$10$7Y/TJgfg0ZaLBMrpVfJdlOFieRniweZozSx4eIXiux5NsDlw.yQs2','0744892228','Female','2021-01-08 20:58:15.000000','2021-04-18 14:15:21.795123',2,'1999-01-08',NULL,2,NULL,'Chuyên khoa da liễu','Bác sĩ VIP 1'),
(35,'Nguyễn Vũ Trường Sơn','truongsonct','ehugek@behance.net','$2b$10$7Y/TJgfg0ZaLBMrpVfJdlOFieRniweZozSx4eIXiux5NsDlw.yQs2','0679524517','Female','2021-01-08 20:58:15.000000','2021-04-18 14:15:26.577355',2,'1999-01-08',NULL,2,NULL,'Chuyên khoa da liễu','Bác sĩ VIP 1'),
(36,'Trần Minh Sang','minhsang12','mhardwayl@hibu.com','$2b$10$7Y/TJgfg0ZaLBMrpVfJdlOFieRniweZozSx4eIXiux5NsDlw.yQs2','0214525681','Female','2021-01-08 20:58:15.000000','2021-04-18 14:16:26.731861',2,'1999-01-08',NULL,2,NULL,'Chuyên khoa da liễu','Bác sĩ VIP 1'),
(37,'Nguyễn Trung Sơn','nguyentrungson','tleatherlandm@salon.com','$2b$10$7Y/TJgfg0ZaLBMrpVfJdlOFieRniweZozSx4eIXiux5NsDlw.yQs2','0496126020','Female','2021-01-08 20:58:15.000000','2021-04-18 14:16:25.112662',2,'1999-01-08',NULL,2,NULL,'Chuyên khoa da liễu','Bác sĩ VIP 1'),
(38,'Lê Quang','lequang','jprimarolon@xrea.com','$2b$10$7Y/TJgfg0ZaLBMrpVfJdlOFieRniweZozSx4eIXiux5NsDlw.yQs2','0382486444','Female','2021-01-08 20:58:15.000000','2021-04-18 14:16:23.226672',2,'1999-01-08',NULL,2,NULL,'Chuyên khoa da liễu','Bác sĩ VIP 1'),
(39,'Vũ Thị Phương','vuthiphuong','dcookseyo@hugedomains.com','$2b$10$7Y/TJgfg0ZaLBMrpVfJdlOFieRniweZozSx4eIXiux5NsDlw.yQs2','0889820010','Female','2021-01-08 20:58:15.000000','2021-04-18 14:16:19.503640',2,'1999-01-08',NULL,2,NULL,'Chuyên khoa da liễu','Bác sĩ VIP 1'),
(40,'Nguyễn Văn Sơn','sonnguyen115','claundonp@cbslocal.com','$2b$10$7Y/TJgfg0ZaLBMrpVfJdlOFieRniweZozSx4eIXiux5NsDlw.yQs2','0983221815','Female','2021-01-08 20:58:15.000000','2021-04-18 14:16:14.716361',2,'1999-01-08',NULL,2,NULL,'Chuyên khoa da liễu','Bác sĩ VIP 1'),
(41,'Lê Anh Sơn','leanhson','ysolesburyq@buzzfeed.com','$2b$10$7Y/TJgfg0ZaLBMrpVfJdlOFieRniweZozSx4eIXiux5NsDlw.yQs2','0224407866','Male','2021-01-08 20:58:15.000000','2021-04-18 14:16:09.763338',2,'1999-01-08',NULL,2,NULL,'Chuyên khoa da liễu','Bác sĩ VIP 1'),
(42,'Võ Tiến Sĩ','tiensivo','jbambroughr@about.com','$2b$10$7Y/TJgfg0ZaLBMrpVfJdlOFieRniweZozSx4eIXiux5NsDlw.yQs2','0579817621','Male','2021-01-08 20:58:15.000000','2021-04-18 14:16:07.809424',2,'1999-01-08',NULL,2,NULL,'Chuyên khoa da liễu','Bác sĩ VIP 1'),
(43,'Phan Đức Sơn','phanducson','fgalles@themeforest.net','$2b$10$7Y/TJgfg0ZaLBMrpVfJdlOFieRniweZozSx4eIXiux5NsDlw.yQs2','0799754165','Male','2021-01-08 20:58:15.000000','2021-04-18 14:16:05.033214',2,'1999-01-08',NULL,2,NULL,'Chuyên khoa da liễu','Bác sĩ VIP 1'),
(44,'Trần Thế Sơn','trantheson','lbolenst@google.es','$2b$10$7Y/TJgfg0ZaLBMrpVfJdlOFieRniweZozSx4eIXiux5NsDlw.yQs2','0252196727','Female','2021-01-08 20:58:15.000000','2021-04-18 14:16:03.274077',2,'1999-01-08',NULL,2,NULL,'Chuyên khoa da liễu','Bác sĩ VIP 1'),
(45,'Vũ Hồng Tâm','vohongtam','amerrymanu@oakley.com','$2b$10$7Y/TJgfg0ZaLBMrpVfJdlOFieRniweZozSx4eIXiux5NsDlw.yQs2','0634543555','Male','2021-01-08 20:58:15.000000','2021-04-18 14:16:00.118513',2,'1999-01-08',NULL,2,NULL,'Chuyên khoa da liễu','Bác sĩ VIP 1'),
(46,'Nguyễn Minh Tân','tannguyen1978','tterbeckv@rambler.ru','$2b$10$7Y/TJgfg0ZaLBMrpVfJdlOFieRniweZozSx4eIXiux5NsDlw.yQs2','0337766247','Female','2021-01-08 20:58:15.000000','2021-04-18 14:15:42.270612',2,'1999-01-08',NULL,2,NULL,'Chuyên khoa da liễu','Bác sĩ VIP 1'),
(47,'Lê Hà Xuân Thái','xuanthai12','amaww@uol.com.br','$2b$10$7Y/TJgfg0ZaLBMrpVfJdlOFieRniweZozSx4eIXiux5NsDlw.yQs2','0275012747','Female','2021-01-08 20:58:15.000000','2021-04-18 14:15:40.570564',2,'1999-01-08',NULL,2,NULL,'Chuyên khoa da liễu','Bác sĩ VIP 1'),
(48,'Nguyễn Ngọc Phương','phuongnguyen16','njentx@guardian.co.uk','$2b$10$7Y/TJgfg0ZaLBMrpVfJdlOFieRniweZozSx4eIXiux5NsDlw.yQs2','0234925424','Male','2021-01-08 20:58:15.000000','2021-04-18 14:15:38.612573',2,'1999-01-08',NULL,2,NULL,'Chuyên khoa da liễu','Bác sĩ VIP 1'),
(49,'Bùi Anh Tài','TaiBui19','dlevayy@flickr.com','$2b$10$7Y/TJgfg0ZaLBMrpVfJdlOFieRniweZozSx4eIXiux5NsDlw.yQs2','0604272899','Female','2021-01-08 20:58:15.000000','2021-04-18 14:15:36.777881',2,'1999-01-08',NULL,2,NULL,'Chuyên khoa da liễu','Bác sĩ VIP 1'),
(50,'Super Tester Patient','test_patient','test_patient@gmail.com','$2b$10$7Y/TJgfg0ZaLBMrpVfJdlOFieRniweZozSx4eIXiux5NsDlw.yQs5','0123912344','Male','2021-04-15 08:17:51.053612','2021-04-15 08:37:36.411669',NULL,'1999-02-06',NULL,4,NULL,NULL,NULL);

/*!40101 SET SQL_MODE=@OLD_SQL_MODE */;
/*!40014 SET FOREIGN_KEY_CHECKS=@OLD_FOREIGN_KEY_CHECKS */;
/*!40014 SET UNIQUE_CHECKS=@OLD_UNIQUE_CHECKS */;
/*!40111 SET SQL_NOTES=@OLD_SQL_NOTES */;
